"year","quarter","county","line","policies_in_force_at_end"
"2026","1","Anderson ","DW ","1264"
"2026","1","Anderson ","FR ","1195"
"2026","1","Anderson ","FRO ","898"
"2026","1","Anderson ","HO ","8181"
"2026","1","Anderson ","TN ","1248"
"2026","1","Andrews ","DW ","236"
"2026","1","Andrews ","FR ","32"
"2026","1","Andrews ","FRO ","57"
"2026","1","Andrews ","HO ","2883"
"2026","1","Andrews ","TN ","340"
"2026","1","Angelina ","DW ","2718"
"2026","1","Angelina ","FR ","392"
"2026","1","Angelina ","FRO ","397"
"2026","1","Angelina ","HO ","14588"
"2026","1","Angelina ","TN ","2842"
"2026","1","Aransas ","DW ","1059"
"2026","1","Aransas ","FR ","13"
"2026","1","Aransas ","FRO ","30"
"2026","1","Aransas ","HO ","7655"
"2026","1","Aransas ","TN ","1465"
"2026","1","Archer ","DW ","92"
"2026","1","Archer ","FR ","226"
"2026","1","Archer ","FRO ","147"
"2026","1","Archer ","HO ","1145"
"2026","1","Archer ","TN ","153"
"2026","1","Armstrong ","DW ","45"
"2026","1","Armstrong ","FR ","103"
"2026","1","Armstrong ","FRO ","99"
"2026","1","Armstrong ","HO ","421"
"2026","1","Armstrong ","TN ","43"
"2026","1","Atascosa ","DW ","724"
"2026","1","Atascosa ","FR ","677"
"2026","1","Atascosa ","FRO ","689"
"2026","1","Atascosa ","HO ","6512"
"2026","1","Atascosa ","TN ","913"
"2026","1","Austin ","DW ","643"
"2026","1","Austin ","FR ","1103"
"2026","1","Austin ","FRO ","1036"
"2026","1","Austin ","HO ","5784"
"2026","1","Austin ","TN ","805"
"2026","1","Bailey ","DW ","72"
"2026","1","Bailey ","FR ","221"
"2026","1","Bailey ","FRO ","138"
"2026","1","Bailey ","HO ","653"
"2026","1","Bailey ","TN ","60"
"2026","1","Bandera ","DW ","479"
"2026","1","Bandera ","FR ","407"
"2026","1","Bandera ","FRO ","522"
"2026","1","Bandera ","HO ","5547"
"2026","1","Bandera ","TN ","617"
"2026","1","Bastrop ","DW ","2380"
"2026","1","Bastrop ","FR ","1039"
"2026","1","Bastrop ","FRO ","915"
"2026","1","Bastrop ","HO ","20715"
"2026","1","Bastrop ","TN ","3517"
"2026","1","Baylor ","DW ","95"
"2026","1","Baylor ","FR ","161"
"2026","1","Baylor ","FRO ","122"
"2026","1","Baylor ","HO ","605"
"2026","1","Baylor ","TN ","84"
"2026","1","Bee ","DW ","536"
"2026","1","Bee ","FR ","316"
"2026","1","Bee ","FRO ","324"
"2026","1","Bee ","HO ","2430"
"2026","1","Bee ","TN ","672"
"2026","1","Bell ","DW ","18377"
"2026","1","Bell ","FR ","970"
"2026","1","Bell ","FRO ","862"
"2026","1","Bell ","HO ","79053"
"2026","1","Bell ","TN ","35621"
"2026","1","Bexar ","DW ","69021"
"2026","1","Bexar ","FR ","680"
"2026","1","Bexar ","FRO ","873"
"2026","1","Bexar ","HO ","410834"
"2026","1","Bexar ","TN ","162388"
"2026","1","Blanco ","DW ","364"
"2026","1","Blanco ","FR ","570"
"2026","1","Blanco ","FRO ","611"
"2026","1","Blanco ","HO ","3213"
"2026","1","Blanco ","TN ","411"
"2026","1","Borden ","DW ","2"
"2026","1","Borden ","FR ","26"
"2026","1","Borden ","FRO ","23"
"2026","1","Borden ","HO ","31"
"2026","1","Borden ","TN ","18"
"2026","1","Bosque ","DW ","480"
"2026","1","Bosque ","FR ","1049"
"2026","1","Bosque ","FRO ","821"
"2026","1","Bosque ","HO ","4026"
"2026","1","Bosque ","TN ","418"
"2026","1","Bowie ","DW ","3051"
"2026","1","Bowie ","FR ","718"
"2026","1","Bowie ","FRO ","695"
"2026","1","Bowie ","HO ","16721"
"2026","1","Bowie ","TN ","3641"
"2026","1","Brazoria ","DW ","8265"
"2026","1","Brazoria ","FR ","769"
"2026","1","Brazoria ","FRO ","641"
"2026","1","Brazoria ","HO ","95918"
"2026","1","Brazoria ","TN ","17773"
"2026","1","Brazos ","DW ","10258"
"2026","1","Brazos ","FR ","698"
"2026","1","Brazos ","FRO ","766"
"2026","1","Brazos ","HO ","37034"
"2026","1","Brazos ","TN ","36002"
"2026","1","Brewster ","DW ","311"
"2026","1","Brewster ","FR ","116"
"2026","1","Brewster ","FRO ","146"
"2026","1","Brewster ","HO ","1738"
"2026","1","Brewster ","TN ","382"
"2026","1","Briscoe ","DW ","30"
"2026","1","Briscoe ","FR ","107"
"2026","1","Briscoe ","FRO ","81"
"2026","1","Briscoe ","HO ","218"
"2026","1","Briscoe ","TN ","21"
"2026","1","Brooks ","DW ","96"
"2026","1","Brooks ","FR ","90"
"2026","1","Brooks ","FRO ","120"
"2026","1","Brooks ","HO ","500"
"2026","1","Brooks ","TN ","53"
"2026","1","Brown ","DW ","988"
"2026","1","Brown ","FR ","638"
"2026","1","Brown ","FRO ","938"
"2026","1","Brown ","HO ","6325"
"2026","1","Brown ","TN ","969"
"2026","1","Burleson ","DW ","340"
"2026","1","Burleson ","FR ","738"
"2026","1","Burleson ","FRO ","547"
"2026","1","Burleson ","HO ","2970"
"2026","1","Burleson ","TN ","332"
"2026","1","Burnet ","DW ","1403"
"2026","1","Burnet ","FR ","629"
"2026","1","Burnet ","FRO ","610"
"2026","1","Burnet ","HO ","11790"
"2026","1","Burnet ","TN ","1974"
"2026","1","Caldwell ","DW ","1255"
"2026","1","Caldwell ","FR ","448"
"2026","1","Caldwell ","FRO ","373"
"2026","1","Caldwell ","HO ","8147"
"2026","1","Caldwell ","TN ","1893"
"2026","1","Calhoun ","DW ","530"
"2026","1","Calhoun ","FR ","141"
"2026","1","Calhoun ","FRO ","152"
"2026","1","Calhoun ","HO ","4238"
"2026","1","Calhoun ","TN ","248"
"2026","1","Callahan ","DW ","257"
"2026","1","Callahan ","FR ","319"
"2026","1","Callahan ","FRO ","356"
"2026","1","Callahan ","HO ","2402"
"2026","1","Callahan ","TN ","265"
"2026","1","Cameron ","DW ","11281"
"2026","1","Cameron ","FR ","190"
"2026","1","Cameron ","FRO ","184"
"2026","1","Cameron ","HO ","48878"
"2026","1","Cameron ","TN ","8387"
"2026","1","Camp ","DW ","390"
"2026","1","Camp ","FR ","274"
"2026","1","Camp ","FRO ","193"
"2026","1","Camp ","HO ","2852"
"2026","1","Camp ","TN ","245"
"2026","1","Carson ","DW ","130"
"2026","1","Carson ","FR ","183"
"2026","1","Carson ","FRO ","137"
"2026","1","Carson ","HO ","1135"
"2026","1","Carson ","TN ","166"
"2026","1","Cass ","DW ","735"
"2026","1","Cass ","FR ","432"
"2026","1","Cass ","FRO ","460"
"2026","1","Cass ","HO ","6257"
"2026","1","Cass ","TN ","493"
"2026","1","Castro ","DW ","87"
"2026","1","Castro ","FR ","236"
"2026","1","Castro ","FRO ","132"
"2026","1","Castro ","HO ","728"
"2026","1","Castro ","TN ","67"
"2026","1","Chambers ","DW ","650"
"2026","1","Chambers ","FR ","251"
"2026","1","Chambers ","FRO ","199"
"2026","1","Chambers ","HO ","12217"
"2026","1","Chambers ","TN ","1326"
"2026","1","Cherokee ","DW ","1386"
"2026","1","Cherokee ","FR ","625"
"2026","1","Cherokee ","FRO ","691"
"2026","1","Cherokee ","HO ","6505"
"2026","1","Cherokee ","TN ","809"
"2026","1","Childress ","DW ","214"
"2026","1","Childress ","FR ","137"
"2026","1","Childress ","FRO ","99"
"2026","1","Childress ","HO ","991"
"2026","1","Childress ","TN ","128"
"2026","1","Clay ","DW ","154"
"2026","1","Clay ","FR ","322"
"2026","1","Clay ","FRO ","324"
"2026","1","Clay ","HO ","1443"
"2026","1","Clay ","TN ","219"
"2026","1","Cochran ","DW ","18"
"2026","1","Cochran ","FR ","100"
"2026","1","Cochran ","FRO ","74"
"2026","1","Cochran ","HO ","198"
"2026","1","Cochran ","TN ","32"
"2026","1","Coke ","DW ","49"
"2026","1","Coke ","FR ","134"
"2026","1","Coke ","FRO ","162"
"2026","1","Coke ","HO ","436"
"2026","1","Coke ","TN ","53"
"2026","1","Coleman ","DW ","201"
"2026","1","Coleman ","FR ","469"
"2026","1","Coleman ","FRO ","522"
"2026","1","Coleman ","HO ","1095"
"2026","1","Coleman ","TN ","156"
"2026","1","Collin ","DW ","39504"
"2026","1","Collin ","FR ","1063"
"2026","1","Collin ","FRO ","735"
"2026","1","Collin ","HO ","271964"
"2026","1","Collin ","TN ","129502"
"2026","1","Collingsworth ","DW ","52"
"2026","1","Collingsworth ","FR ","153"
"2026","1","Collingsworth ","FRO ","121"
"2026","1","Collingsworth ","HO ","364"
"2026","1","Collingsworth ","TN ","26"
"2026","1","Colorado ","DW ","348"
"2026","1","Colorado ","FR ","699"
"2026","1","Colorado ","FRO ","633"
"2026","1","Colorado ","HO ","2673"
"2026","1","Colorado ","TN ","326"
"2026","1","Comal ","DW ","7319"
"2026","1","Comal ","FR ","468"
"2026","1","Comal ","FRO ","502"
"2026","1","Comal ","HO ","66787"
"2026","1","Comal ","TN ","16496"
"2026","1","Comanche ","DW ","221"
"2026","1","Comanche ","FR ","742"
"2026","1","Comanche ","FRO ","538"
"2026","1","Comanche ","HO ","1774"
"2026","1","Comanche ","TN ","220"
"2026","1","Concho ","DW ","43"
"2026","1","Concho ","FR ","195"
"2026","1","Concho ","FRO ","174"
"2026","1","Concho ","HO ","374"
"2026","1","Concho ","TN ","37"
"2026","1","Cooke ","DW ","1105"
"2026","1","Cooke ","FR ","840"
"2026","1","Cooke ","FRO ","651"
"2026","1","Cooke ","HO ","7565"
"2026","1","Cooke ","TN ","1378"
"2026","1","Coryell ","DW ","3041"
"2026","1","Coryell ","FR ","1040"
"2026","1","Coryell ","FRO ","818"
"2026","1","Coryell ","HO ","13532"
"2026","1","Coryell ","TN ","3836"
"2026","1","Cottle ","DW ","35"
"2026","1","Cottle ","FR ","58"
"2026","1","Cottle ","FRO ","52"
"2026","1","Cottle ","HO ","176"
"2026","1","Cottle ","TN ","25"
"2026","1","Crane ","DW ","34"
"2026","1","Crane ","FR ","11"
"2026","1","Crane ","FRO ","9"
"2026","1","Crane ","HO ","570"
"2026","1","Crane ","TN ","50"
"2026","1","Crockett ","DW ","49"
"2026","1","Crockett ","FR ","103"
"2026","1","Crockett ","FRO ","157"
"2026","1","Crockett ","HO ","369"
"2026","1","Crockett ","TN ","45"
"2026","1","Crosby ","DW ","104"
"2026","1","Crosby ","FR ","168"
"2026","1","Crosby ","FRO ","142"
"2026","1","Crosby ","HO ","703"
"2026","1","Crosby ","TN ","66"
"2026","1","Culberson ","DW ","44"
"2026","1","Culberson ","FR ","25"
"2026","1","Culberson ","FRO ","20"
"2026","1","Culberson ","HO ","202"
"2026","1","Culberson ","TN ","36"
"2026","1","Dallam ","DW ","331"
"2026","1","Dallam ","FR ","272"
"2026","1","Dallam ","FRO ","209"
"2026","1","Dallam ","HO ","1677"
"2026","1","Dallam ","TN ","220"
"2026","1","Dallas ","DW ","74369"
"2026","1","Dallas ","FR ","209"
"2026","1","Dallas ","FRO ","182"
"2026","1","Dallas ","HO ","410935"
"2026","1","Dallas ","TN ","326135"
"2026","1","Dawson ","DW ","276"
"2026","1","Dawson ","FR ","198"
"2026","1","Dawson ","FRO ","237"
"2026","1","Dawson ","HO ","1401"
"2026","1","Dawson ","TN ","140"
"2026","1","De Witt ","DW ","301"
"2026","1","De Witt ","FR ","755"
"2026","1","De Witt ","FRO ","645"
"2026","1","De Witt ","HO ","1633"
"2026","1","De Witt ","TN ","249"
"2026","1","Deaf Smith ","DW ","320"
"2026","1","Deaf Smith ","FR ","313"
"2026","1","Deaf Smith ","FRO ","191"
"2026","1","Deaf Smith ","HO ","2332"
"2026","1","Deaf Smith ","TN ","225"
"2026","1","Delta ","DW ","134"
"2026","1","Delta ","FR ","343"
"2026","1","Delta ","FRO ","255"
"2026","1","Delta ","HO ","844"
"2026","1","Delta ","TN ","87"
"2026","1","Denton ","DW ","29684"
"2026","1","Denton ","FR ","1240"
"2026","1","Denton ","FRO ","886"
"2026","1","Denton ","HO ","233184"
"2026","1","Denton ","TN ","114272"
"2026","1","Dickens ","DW ","59"
"2026","1","Dickens ","FR ","167"
"2026","1","Dickens ","FRO ","130"
"2026","1","Dickens ","HO ","250"
"2026","1","Dickens ","TN ","31"
"2026","1","Dimmit ","DW ","173"
"2026","1","Dimmit ","FR ","144"
"2026","1","Dimmit ","FRO ","148"
"2026","1","Dimmit ","HO ","873"
"2026","1","Dimmit ","TN ","76"
"2026","1","Donley ","DW ","89"
"2026","1","Donley ","FR ","232"
"2026","1","Donley ","FRO ","155"
"2026","1","Donley ","HO ","593"
"2026","1","Donley ","TN ","72"
"2026","1","Duval ","DW ","161"
"2026","1","Duval ","FR ","217"
"2026","1","Duval ","FRO ","187"
"2026","1","Duval ","HO ","971"
"2026","1","Duval ","TN ","76"
"2026","1","Eastland ","DW ","464"
"2026","1","Eastland ","FR ","791"
"2026","1","Eastland ","FRO ","624"
"2026","1","Eastland ","HO ","3045"
"2026","1","Eastland ","TN ","563"
"2026","1","Ector ","DW ","2878"
"2026","1","Ector ","FR ","43"
"2026","1","Ector ","FRO ","79"
"2026","1","Ector ","HO ","31021"
"2026","1","Ector ","TN ","6419"
"2026","1","Edwards ","DW ","75"
"2026","1","Edwards ","FR ","311"
"2026","1","Edwards ","FRO ","314"
"2026","1","Edwards ","HO ","399"
"2026","1","Edwards ","TN ","34"
"2026","1","El Paso ","DW ","24448"
"2026","1","El Paso ","FR ","100"
"2026","1","El Paso ","FRO ","110"
"2026","1","El Paso ","HO ","165494"
"2026","1","El Paso ","TN ","35422"
"2026","1","Ellis ","DW ","5793"
"2026","1","Ellis ","FR ","1228"
"2026","1","Ellis ","FRO ","975"
"2026","1","Ellis ","HO ","55096"
"2026","1","Ellis ","TN ","11751"
"2026","1","Erath ","DW ","1403"
"2026","1","Erath ","FR ","1336"
"2026","1","Erath ","FRO ","1071"
"2026","1","Erath ","HO ","5502"
"2026","1","Erath ","TN ","2980"
"2026","1","Falls ","DW ","369"
"2026","1","Falls ","FR ","722"
"2026","1","Falls ","FRO ","508"
"2026","1","Falls ","HO ","1554"
"2026","1","Falls ","TN ","202"
"2026","1","Fannin ","DW ","939"
"2026","1","Fannin ","FR ","1135"
"2026","1","Fannin ","FRO ","787"
"2026","1","Fannin ","HO ","6868"
"2026","1","Fannin ","TN ","994"
"2026","1","Fayette ","DW ","445"
"2026","1","Fayette ","FR ","1242"
"2026","1","Fayette ","FRO ","1337"
"2026","1","Fayette ","HO ","3716"
"2026","1","Fayette ","TN ","478"
"2026","1","Fisher ","DW ","47"
"2026","1","Fisher ","FR ","191"
"2026","1","Fisher ","FRO ","125"
"2026","1","Fisher ","HO ","445"
"2026","1","Fisher ","TN ","37"
"2026","1","Floyd ","DW ","102"
"2026","1","Floyd ","FR ","238"
"2026","1","Floyd ","FRO ","149"
"2026","1","Floyd ","HO ","655"
"2026","1","Floyd ","TN ","56"
"2026","1","Foard ","DW ","33"
"2026","1","Foard ","FR ","120"
"2026","1","Foard ","FRO ","109"
"2026","1","Foard ","HO ","165"
"2026","1","Foard ","TN ","12"
"2026","1","Fort Bend ","DW ","24539"
"2026","1","Fort Bend ","FR ","459"
"2026","1","Fort Bend ","FRO ","398"
"2026","1","Fort Bend ","HO ","187131"
"2026","1","Fort Bend ","TN ","47257"
"2026","1","Franklin ","DW ","274"
"2026","1","Franklin ","FR ","317"
"2026","1","Franklin ","FRO ","242"
"2026","1","Franklin ","HO ","2773"
"2026","1","Franklin ","TN ","168"
"2026","1","Freestone ","DW ","549"
"2026","1","Freestone ","FR ","667"
"2026","1","Freestone ","FRO ","617"
"2026","1","Freestone ","HO ","3186"
"2026","1","Freestone ","TN ","302"
"2026","1","Frio ","DW ","227"
"2026","1","Frio ","FR ","426"
"2026","1","Frio ","FRO ","448"
"2026","1","Frio ","HO ","1405"
"2026","1","Frio ","TN ","171"
"2026","1","Gaines ","DW ","205"
"2026","1","Gaines ","FR ","319"
"2026","1","Gaines ","FRO ","243"
"2026","1","Gaines ","HO ","3088"
"2026","1","Gaines ","TN ","180"
"2026","1","Galveston ","DW ","10598"
"2026","1","Galveston ","FR ","182"
"2026","1","Galveston ","FRO ","145"
"2026","1","Galveston ","HO ","89003"
"2026","1","Galveston ","TN ","20577"
"2026","1","Garza ","DW ","72"
"2026","1","Garza ","FR ","139"
"2026","1","Garza ","FRO ","106"
"2026","1","Garza ","HO ","681"
"2026","1","Garza ","TN ","52"
"2026","1","Gillespie ","DW ","1334"
"2026","1","Gillespie ","FR ","1001"
"2026","1","Gillespie ","FRO ","1220"
"2026","1","Gillespie ","HO ","6585"
"2026","1","Gillespie ","TN ","1701"
"2026","1","Glasscock ","DW ","14"
"2026","1","Glasscock ","FR ","130"
"2026","1","Glasscock ","FRO ","118"
"2026","1","Glasscock ","HO ","69"
"2026","1","Glasscock ","TN ","34"
"2026","1","Goliad ","DW ","77"
"2026","1","Goliad ","FR ","293"
"2026","1","Goliad ","FRO ","273"
"2026","1","Goliad ","HO ","728"
"2026","1","Goliad ","TN ","77"
"2026","1","Gonzales ","DW ","427"
"2026","1","Gonzales ","FR ","765"
"2026","1","Gonzales ","FRO ","678"
"2026","1","Gonzales ","HO ","2032"
"2026","1","Gonzales ","TN ","307"
"2026","1","Gray ","DW ","482"
"2026","1","Gray ","FR ","219"
"2026","1","Gray ","FRO ","173"
"2026","1","Gray ","HO ","3420"
"2026","1","Gray ","TN ","409"
"2026","1","Grayson ","DW ","6396"
"2026","1","Grayson ","FR ","1874"
"2026","1","Grayson ","FRO ","1390"
"2026","1","Grayson ","HO ","35006"
"2026","1","Grayson ","TN ","9577"
"2026","1","Gregg ","DW ","5428"
"2026","1","Gregg ","FR ","361"
"2026","1","Gregg ","FRO ","332"
"2026","1","Gregg ","HO ","30725"
"2026","1","Gregg ","TN ","9028"
"2026","1","Grimes ","DW ","577"
"2026","1","Grimes ","FR ","1103"
"2026","1","Grimes ","FRO ","991"
"2026","1","Grimes ","HO ","5411"
"2026","1","Grimes ","TN ","527"
"2026","1","Guadalupe ","DW ","5066"
"2026","1","Guadalupe ","FR ","790"
"2026","1","Guadalupe ","FRO ","709"
"2026","1","Guadalupe ","HO ","41187"
"2026","1","Guadalupe ","TN ","8172"
"2026","1","Hale ","DW ","821"
"2026","1","Hale ","FR ","489"
"2026","1","Hale ","FRO ","322"
"2026","1","Hale ","HO ","4422"
"2026","1","Hale ","TN ","543"
"2026","1","Hall ","DW ","62"
"2026","1","Hall ","FR ","131"
"2026","1","Hall ","FRO ","87"
"2026","1","Hall ","HO ","366"
"2026","1","Hall ","TN ","40"
"2026","1","Hamilton ","DW ","196"
"2026","1","Hamilton ","FR ","688"
"2026","1","Hamilton ","FRO ","570"
"2026","1","Hamilton ","HO ","1300"
"2026","1","Hamilton ","TN ","190"
"2026","1","Hansford ","DW ","94"
"2026","1","Hansford ","FR ","230"
"2026","1","Hansford ","FRO ","177"
"2026","1","Hansford ","HO ","866"
"2026","1","Hansford ","TN ","72"
"2026","1","Hardeman ","DW ","86"
"2026","1","Hardeman ","FR ","164"
"2026","1","Hardeman ","FRO ","87"
"2026","1","Hardeman ","HO ","482"
"2026","1","Hardeman ","TN ","67"
"2026","1","Hardin ","DW ","1019"
"2026","1","Hardin ","FR ","146"
"2026","1","Hardin ","FRO ","142"
"2026","1","Hardin ","HO ","12639"
"2026","1","Hardin ","TN ","1555"
"2026","1","Harris ","DW ","125559"
"2026","1","Harris ","FR ","665"
"2026","1","Harris ","FRO ","521"
"2026","1","Harris ","HO ","773915"
"2026","1","Harris ","TN ","385445"
"2026","1","Harrison ","DW ","1520"
"2026","1","Harrison ","FR ","480"
"2026","1","Harrison ","FRO ","369"
"2026","1","Harrison ","HO ","10166"
"2026","1","Harrison ","TN ","1377"
"2026","1","Hartley ","DW ","13"
"2026","1","Hartley ","FR ","64"
"2026","1","Hartley ","FRO ","42"
"2026","1","Hartley ","HO ","120"
"2026","1","Hartley ","TN ","22"
"2026","1","Haskell ","DW ","158"
"2026","1","Haskell ","FR ","240"
"2026","1","Haskell ","FRO ","163"
"2026","1","Haskell ","HO ","836"
"2026","1","Haskell ","TN ","87"
"2026","1","Hays ","DW ","8666"
"2026","1","Hays ","FR ","495"
"2026","1","Hays ","FRO ","605"
"2026","1","Hays ","HO ","67642"
"2026","1","Hays ","TN ","27715"
"2026","1","Hemphill ","DW ","52"
"2026","1","Hemphill ","FR ","147"
"2026","1","Hemphill ","FRO ","106"
"2026","1","Hemphill ","HO ","580"
"2026","1","Hemphill ","TN ","74"
"2026","1","Henderson ","DW ","2143"
"2026","1","Henderson ","FR ","1172"
"2026","1","Henderson ","FRO ","949"
"2026","1","Henderson ","HO ","18236"
"2026","1","Henderson ","TN ","2298"
"2026","1","Hidalgo ","DW ","19869"
"2026","1","Hidalgo ","FR ","280"
"2026","1","Hidalgo ","FRO ","324"
"2026","1","Hidalgo ","HO ","96824"
"2026","1","Hidalgo ","TN ","11372"
"2026","1","Hill ","DW ","794"
"2026","1","Hill ","FR ","992"
"2026","1","Hill ","FRO ","775"
"2026","1","Hill ","HO ","6219"
"2026","1","Hill ","TN ","840"
"2026","1","Hockley ","DW ","362"
"2026","1","Hockley ","FR ","280"
"2026","1","Hockley ","FRO ","176"
"2026","1","Hockley ","HO ","3345"
"2026","1","Hockley ","TN ","314"
"2026","1","Hood ","DW ","2119"
"2026","1","Hood ","FR ","821"
"2026","1","Hood ","FRO ","576"
"2026","1","Hood ","HO ","19561"
"2026","1","Hood ","TN ","3433"
"2026","1","Hopkins ","DW ","967"
"2026","1","Hopkins ","FR ","1310"
"2026","1","Hopkins ","FRO ","1101"
"2026","1","Hopkins ","HO ","6155"
"2026","1","Hopkins ","TN ","964"
"2026","1","Houston ","DW ","530"
"2026","1","Houston ","FR ","1041"
"2026","1","Houston ","FRO ","1075"
"2026","1","Houston ","HO ","3494"
"2026","1","Houston ","TN ","308"
"2026","1","Howard ","DW ","688"
"2026","1","Howard ","FR ","161"
"2026","1","Howard ","FRO ","233"
"2026","1","Howard ","HO ","4701"
"2026","1","Howard ","TN ","933"
"2026","1","Hudspeth ","DW ","41"
"2026","1","Hudspeth ","FR ","68"
"2026","1","Hudspeth ","FRO ","43"
"2026","1","Hudspeth ","HO ","114"
"2026","1","Hudspeth ","TN ","34"
"2026","1","Hunt ","DW ","3179"
"2026","1","Hunt ","FR ","1329"
"2026","1","Hunt ","FRO ","1030"
"2026","1","Hunt ","HO ","18316"
"2026","1","Hunt ","TN ","4157"
"2026","1","Hutchinson ","DW ","546"
"2026","1","Hutchinson ","FR ","82"
"2026","1","Hutchinson ","FRO ","59"
"2026","1","Hutchinson ","HO ","4212"
"2026","1","Hutchinson ","TN ","466"
"2026","1","Irion ","DW ","23"
"2026","1","Irion ","FR ","75"
"2026","1","Irion ","FRO ","114"
"2026","1","Irion ","HO ","198"
"2026","1","Irion ","TN ","36"
"2026","1","Jack ","DW ","109"
"2026","1","Jack ","FR ","551"
"2026","1","Jack ","FRO ","321"
"2026","1","Jack ","HO ","1116"
"2026","1","Jack ","TN ","169"
"2026","1","Jackson ","DW ","272"
"2026","1","Jackson ","FR ","391"
"2026","1","Jackson ","FRO ","323"
"2026","1","Jackson ","HO ","1699"
"2026","1","Jackson ","TN ","204"
"2026","1","Jasper ","DW ","759"
"2026","1","Jasper ","FR ","454"
"2026","1","Jasper ","FRO ","341"
"2026","1","Jasper ","HO ","6870"
"2026","1","Jasper ","TN ","619"
"2026","1","Jeff Davis ","DW ","56"
"2026","1","Jeff Davis ","FR ","55"
"2026","1","Jeff Davis ","FRO ","82"
"2026","1","Jeff Davis ","HO ","510"
"2026","1","Jeff Davis ","TN ","36"
"2026","1","Jefferson ","DW ","7658"
"2026","1","Jefferson ","FR ","219"
"2026","1","Jefferson ","FRO ","182"
"2026","1","Jefferson ","HO ","43139"
"2026","1","Jefferson ","TN ","9991"
"2026","1","Jim Hogg ","DW ","126"
"2026","1","Jim Hogg ","FR ","54"
"2026","1","Jim Hogg ","FRO ","134"
"2026","1","Jim Hogg ","HO ","373"
"2026","1","Jim Hogg ","TN ","24"
"2026","1","Jim Wells ","DW ","934"
"2026","1","Jim Wells ","FR ","355"
"2026","1","Jim Wells ","FRO ","347"
"2026","1","Jim Wells ","HO ","5133"
"2026","1","Jim Wells ","TN ","305"
"2026","1","Johnson ","DW ","4616"
"2026","1","Johnson ","FR ","1297"
"2026","1","Johnson ","FRO ","1081"
"2026","1","Johnson ","HO ","48745"
"2026","1","Johnson ","TN ","10162"
"2026","1","Jones ","DW ","298"
"2026","1","Jones ","FR ","302"
"2026","1","Jones ","FRO ","171"
"2026","1","Jones ","HO ","2114"
"2026","1","Jones ","TN ","217"
"2026","1","Karnes ","DW ","240"
"2026","1","Karnes ","FR ","866"
"2026","1","Karnes ","FRO ","696"
"2026","1","Karnes ","HO ","1250"
"2026","1","Karnes ","TN ","234"
"2026","1","Kaufman ","DW ","6004"
"2026","1","Kaufman ","FR ","1287"
"2026","1","Kaufman ","FRO ","1086"
"2026","1","Kaufman ","HO ","48688"
"2026","1","Kaufman ","TN ","8645"
"2026","1","Kendall ","DW ","1880"
"2026","1","Kendall ","FR ","573"
"2026","1","Kendall ","FRO ","740"
"2026","1","Kendall ","HO ","22462"
"2026","1","Kendall ","TN ","5193"
"2026","1","Kenedy ","DW ","8"
"2026","1","Kenedy ","FR ","11"
"2026","1","Kenedy ","FRO ","30"
"2026","1","Kenedy ","HO ","19"
"2026","1","Kenedy ","TN ","6"
"2026","1","Kent ","DW ","9"
"2026","1","Kent ","FR ","52"
"2026","1","Kent ","FRO ","33"
"2026","1","Kent ","HO ","98"
"2026","1","Kent ","TN ","17"
"2026","1","Kerr ","DW ","1555"
"2026","1","Kerr ","FR ","410"
"2026","1","Kerr ","FRO ","501"
"2026","1","Kerr ","HO ","12626"
"2026","1","Kerr ","TN ","2951"
"2026","1","Kimble ","DW ","82"
"2026","1","Kimble ","FR ","305"
"2026","1","Kimble ","FRO ","312"
"2026","1","Kimble ","HO ","488"
"2026","1","Kimble ","TN ","81"
"2026","1","King ","DW ","2"
"2026","1","King ","FR ","31"
"2026","1","King ","FRO ","15"
"2026","1","King ","HO ","14"
"2026","1","King ","TN ","10"
"2026","1","Kinney ","DW ","85"
"2026","1","Kinney ","FR ","99"
"2026","1","Kinney ","FRO ","66"
"2026","1","Kinney ","HO ","574"
"2026","1","Kinney ","TN ","53"
"2026","1","Kleberg ","DW ","923"
"2026","1","Kleberg ","FR ","88"
"2026","1","Kleberg ","FRO ","129"
"2026","1","Kleberg ","HO ","3940"
"2026","1","Kleberg ","TN ","1063"
"2026","1","Knox ","DW ","67"
"2026","1","Knox ","FR ","122"
"2026","1","Knox ","FRO ","155"
"2026","1","Knox ","HO ","466"
"2026","1","Knox ","TN ","61"
"2026","1","La Salle ","DW ","63"
"2026","1","La Salle ","FR ","230"
"2026","1","La Salle ","FRO ","177"
"2026","1","La Salle ","HO ","382"
"2026","1","La Salle ","TN ","68"
"2026","1","Lamar ","DW ","1760"
"2026","1","Lamar ","FR ","1030"
"2026","1","Lamar ","FRO ","785"
"2026","1","Lamar ","HO ","8876"
"2026","1","Lamar ","TN ","1390"
"2026","1","Lamb ","DW ","237"
"2026","1","Lamb ","FR ","399"
"2026","1","Lamb ","FRO ","266"
"2026","1","Lamb ","HO ","1612"
"2026","1","Lamb ","TN ","193"
"2026","1","Lampasas ","DW ","647"
"2026","1","Lampasas ","FR ","874"
"2026","1","Lampasas ","FRO ","803"
"2026","1","Lampasas ","HO ","5252"
"2026","1","Lampasas ","TN ","674"
"2026","1","Lavaca ","DW ","452"
"2026","1","Lavaca ","FR ","1109"
"2026","1","Lavaca ","FRO ","1030"
"2026","1","Lavaca ","HO ","2580"
"2026","1","Lavaca ","TN ","315"
"2026","1","Lee ","DW ","244"
"2026","1","Lee ","FR ","580"
"2026","1","Lee ","FRO ","620"
"2026","1","Lee ","HO ","2052"
"2026","1","Lee ","TN ","340"
"2026","1","Leon ","DW ","325"
"2026","1","Leon ","FR ","1373"
"2026","1","Leon ","FRO ","1088"
"2026","1","Leon ","HO ","3446"
"2026","1","Leon ","TN ","304"
"2026","1","Liberty ","DW ","1722"
"2026","1","Liberty ","FR ","647"
"2026","1","Liberty ","FRO ","510"
"2026","1","Liberty ","HO ","19287"
"2026","1","Liberty ","TN ","1785"
"2026","1","Limestone ","DW ","647"
"2026","1","Limestone ","FR ","631"
"2026","1","Limestone ","FRO ","532"
"2026","1","Limestone ","HO ","3234"
"2026","1","Limestone ","TN ","313"
"2026","1","Lipscomb ","DW ","41"
"2026","1","Lipscomb ","FR ","167"
"2026","1","Lipscomb ","FRO ","144"
"2026","1","Lipscomb ","HO ","450"
"2026","1","Lipscomb ","TN ","28"
"2026","1","Live Oak ","DW ","109"
"2026","1","Live Oak ","FR ","335"
"2026","1","Live Oak ","FRO ","294"
"2026","1","Live Oak ","HO ","824"
"2026","1","Live Oak ","TN ","103"
"2026","1","Llano ","DW ","1228"
"2026","1","Llano ","FR ","605"
"2026","1","Llano ","FRO ","618"
"2026","1","Llano ","HO ","10067"
"2026","1","Llano ","TN ","1559"
"2026","1","Loving ","FR ","8"
"2026","1","Loving ","FRO ","4"
"2026","1","Loving ","HO ","4"
"2026","1","Loving ","TN ","1"
"2026","1","Lubbock ","DW ","13676"
"2026","1","Lubbock ","FR ","742"
"2026","1","Lubbock ","FRO ","534"
"2026","1","Lubbock ","HO ","63503"
"2026","1","Lubbock ","TN ","29264"
"2026","1","Lynn ","DW ","107"
"2026","1","Lynn ","FR ","283"
"2026","1","Lynn ","FRO ","227"
"2026","1","Lynn ","HO ","1052"
"2026","1","Lynn ","TN ","91"
"2026","1","Madison ","DW ","179"
"2026","1","Madison ","FR ","509"
"2026","1","Madison ","FRO ","500"
"2026","1","Madison ","HO ","1438"
"2026","1","Madison ","TN ","186"
"2026","1","Marion ","DW ","274"
"2026","1","Marion ","FR ","147"
"2026","1","Marion ","FRO ","102"
"2026","1","Marion ","HO ","1589"
"2026","1","Marion ","TN ","131"
"2026","1","Martin ","DW ","69"
"2026","1","Martin ","FR ","176"
"2026","1","Martin ","FRO ","148"
"2026","1","Martin ","HO ","815"
"2026","1","Martin ","TN ","94"
"2026","1","Mason ","DW ","137"
"2026","1","Mason ","FR ","615"
"2026","1","Mason ","FRO ","549"
"2026","1","Mason ","HO ","635"
"2026","1","Mason ","TN ","84"
"2026","1","Matagorda ","DW ","789"
"2026","1","Matagorda ","FR ","522"
"2026","1","Matagorda ","FRO ","410"
"2026","1","Matagorda ","HO ","7252"
"2026","1","Matagorda ","TN ","725"
"2026","1","Maverick ","DW ","856"
"2026","1","Maverick ","FR ","58"
"2026","1","Maverick ","FRO ","60"
"2026","1","Maverick ","HO ","5711"
"2026","1","Maverick ","TN ","832"
"2026","1","Mcculloch ","DW ","202"
"2026","1","Mcculloch ","FR ","469"
"2026","1","Mcculloch ","FRO ","645"
"2026","1","Mcculloch ","HO ","1135"
"2026","1","Mcculloch ","TN ","149"
"2026","1","Mclennan ","DW ","8228"
"2026","1","Mclennan ","FR ","1529"
"2026","1","Mclennan ","FRO ","1350"
"2026","1","Mclennan ","HO ","47665"
"2026","1","Mclennan ","TN ","20199"
"2026","1","Mcmullen ","DW ","9"
"2026","1","Mcmullen ","FR ","134"
"2026","1","Mcmullen ","FRO ","146"
"2026","1","Mcmullen ","HO ","91"
"2026","1","Mcmullen ","TN ","20"
"2026","1","Medina ","DW ","833"
"2026","1","Medina ","FR ","1232"
"2026","1","Medina ","FRO ","1142"
"2026","1","Medina ","HO ","8432"
"2026","1","Medina ","TN ","957"
"2026","1","Menard ","DW ","66"
"2026","1","Menard ","FR ","263"
"2026","1","Menard ","FRO ","205"
"2026","1","Menard ","HO ","313"
"2026","1","Menard ","TN ","31"
"2026","1","Midland ","DW ","3135"
"2026","1","Midland ","FR ","176"
"2026","1","Midland ","FRO ","259"
"2026","1","Midland ","HO ","36018"
"2026","1","Midland ","TN ","9916"
"2026","1","Milam ","DW ","701"
"2026","1","Milam ","FR ","1031"
"2026","1","Milam ","FRO ","1068"
"2026","1","Milam ","HO ","3410"
"2026","1","Milam ","TN ","596"
"2026","1","Mills ","DW ","117"
"2026","1","Mills ","FR ","461"
"2026","1","Mills ","FRO ","429"
"2026","1","Mills ","HO ","611"
"2026","1","Mills ","TN ","87"
"2026","1","Mitchell ","DW ","135"
"2026","1","Mitchell ","FR ","167"
"2026","1","Mitchell ","FRO ","152"
"2026","1","Mitchell ","HO ","832"
"2026","1","Mitchell ","TN ","112"
"2026","1","Montague ","DW ","680"
"2026","1","Montague ","FR ","1125"
"2026","1","Montague ","FRO ","783"
"2026","1","Montague ","HO ","4713"
"2026","1","Montague ","TN ","517"
"2026","1","Montgomery ","DW ","16348"
"2026","1","Montgomery ","FR ","684"
"2026","1","Montgomery ","FRO ","625"
"2026","1","Montgomery ","HO ","172436"
"2026","1","Montgomery ","TN ","46267"
"2026","1","Moore ","DW ","402"
"2026","1","Moore ","FR ","156"
"2026","1","Moore ","FRO ","119"
"2026","1","Moore ","HO ","3285"
"2026","1","Moore ","TN ","334"
"2026","1","Morris ","DW ","423"
"2026","1","Morris ","FR ","280"
"2026","1","Morris ","FRO ","219"
"2026","1","Morris ","HO ","2405"
"2026","1","Morris ","TN ","231"
"2026","1","Motley ","DW ","24"
"2026","1","Motley ","FR ","73"
"2026","1","Motley ","FRO ","59"
"2026","1","Motley ","HO ","152"
"2026","1","Motley ","TN ","22"
"2026","1","Nacogdoches ","DW ","2018"
"2026","1","Nacogdoches ","FR ","985"
"2026","1","Nacogdoches ","FRO ","764"
"2026","1","Nacogdoches ","HO ","10032"
"2026","1","Nacogdoches ","TN ","3843"
"2026","1","Navarro ","DW ","1489"
"2026","1","Navarro ","FR ","759"
"2026","1","Navarro ","FRO ","603"
"2026","1","Navarro ","HO ","7677"
"2026","1","Navarro ","TN ","1387"
"2026","1","Newton ","DW ","155"
"2026","1","Newton ","FR ","152"
"2026","1","Newton ","FRO ","134"
"2026","1","Newton ","HO ","1594"
"2026","1","Newton ","TN ","87"
"2026","1","Nolan ","DW ","381"
"2026","1","Nolan ","FR ","210"
"2026","1","Nolan ","FRO ","248"
"2026","1","Nolan ","HO ","2278"
"2026","1","Nolan ","TN ","379"
"2026","1","Nueces ","DW ","14327"
"2026","1","Nueces ","FR ","257"
"2026","1","Nueces ","FRO ","237"
"2026","1","Nueces ","HO ","64683"
"2026","1","Nueces ","TN ","18419"
"2026","1","Ochiltree ","DW ","198"
"2026","1","Ochiltree ","FR ","167"
"2026","1","Ochiltree ","FRO ","109"
"2026","1","Ochiltree ","HO ","1509"
"2026","1","Ochiltree ","TN ","154"
"2026","1","Oldham ","DW ","33"
"2026","1","Oldham ","FR ","173"
"2026","1","Oldham ","FRO ","134"
"2026","1","Oldham ","HO ","393"
"2026","1","Oldham ","TN ","82"
"2026","1","Orange ","DW ","2159"
"2026","1","Orange ","FR ","93"
"2026","1","Orange ","FRO ","77"
"2026","1","Orange ","HO ","17012"
"2026","1","Orange ","TN ","1754"
"2026","1","Palo Pinto ","DW ","962"
"2026","1","Palo Pinto ","FR ","635"
"2026","1","Palo Pinto ","FRO ","552"
"2026","1","Palo Pinto ","HO ","6934"
"2026","1","Palo Pinto ","TN ","1308"
"2026","1","Panola ","DW ","519"
"2026","1","Panola ","FR ","513"
"2026","1","Panola ","FRO ","417"
"2026","1","Panola ","HO ","4180"
"2026","1","Panola ","TN ","337"
"2026","1","Parker ","DW ","3246"
"2026","1","Parker ","FR ","1891"
"2026","1","Parker ","FRO ","1413"
"2026","1","Parker ","HO ","38949"
"2026","1","Parker ","TN ","8081"
"2026","1","Parmer ","DW ","145"
"2026","1","Parmer ","FR ","249"
"2026","1","Parmer ","FRO ","190"
"2026","1","Parmer ","HO ","985"
"2026","1","Parmer ","TN ","119"
"2026","1","Pecos ","DW ","283"
"2026","1","Pecos ","FR ","103"
"2026","1","Pecos ","FRO ","143"
"2026","1","Pecos ","HO ","1769"
"2026","1","Pecos ","TN ","218"
"2026","1","Polk ","DW ","889"
"2026","1","Polk ","FR ","441"
"2026","1","Polk ","FRO ","432"
"2026","1","Polk ","HO ","9329"
"2026","1","Polk ","TN ","1155"
"2026","1","Potter ","DW ","3395"
"2026","1","Potter ","FR ","108"
"2026","1","Potter ","FRO ","70"
"2026","1","Potter ","HO ","19879"
"2026","1","Potter ","TN ","4372"
"2026","1","Presidio ","DW ","122"
"2026","1","Presidio ","FR ","46"
"2026","1","Presidio ","FRO ","63"
"2026","1","Presidio ","HO ","645"
"2026","1","Presidio ","TN ","111"
"2026","1","Rains ","DW ","233"
"2026","1","Rains ","FR ","356"
"2026","1","Rains ","FRO ","285"
"2026","1","Rains ","HO ","2559"
"2026","1","Rains ","TN ","243"
"2026","1","Randall ","DW ","4371"
"2026","1","Randall ","FR ","398"
"2026","1","Randall ","FRO ","373"
"2026","1","Randall ","HO ","38385"
"2026","1","Randall ","TN ","10194"
"2026","1","Reagan ","DW ","21"
"2026","1","Reagan ","FR ","36"
"2026","1","Reagan ","FRO ","71"
"2026","1","Reagan ","HO ","348"
"2026","1","Reagan ","TN ","60"
"2026","1","Real ","DW ","117"
"2026","1","Real ","FR ","100"
"2026","1","Real ","FRO ","115"
"2026","1","Real ","HO ","817"
"2026","1","Real ","TN ","47"
"2026","1","Red River ","DW ","285"
"2026","1","Red River ","FR ","677"
"2026","1","Red River ","FRO ","543"
"2026","1","Red River ","HO ","1816"
"2026","1","Red River ","TN ","226"
"2026","1","Reeves ","DW ","175"
"2026","1","Reeves ","FR ","73"
"2026","1","Reeves ","FRO ","46"
"2026","1","Reeves ","HO ","1221"
"2026","1","Reeves ","TN ","312"
"2026","1","Refugio ","DW ","167"
"2026","1","Refugio ","FR ","129"
"2026","1","Refugio ","FRO ","117"
"2026","1","Refugio ","HO ","1355"
"2026","1","Refugio ","TN ","106"
"2026","1","Roberts ","DW ","16"
"2026","1","Roberts ","FR ","63"
"2026","1","Roberts ","FRO ","34"
"2026","1","Roberts ","HO ","135"
"2026","1","Roberts ","TN ","23"
"2026","1","Robertson ","DW ","347"
"2026","1","Robertson ","FR ","856"
"2026","1","Robertson ","FRO ","732"
"2026","1","Robertson ","HO ","2552"
"2026","1","Robertson ","TN ","252"
"2026","1","Rockwall ","DW ","3895"
"2026","1","Rockwall ","FR ","254"
"2026","1","Rockwall ","FRO ","186"
"2026","1","Rockwall ","HO ","39717"
"2026","1","Rockwall ","TN ","7807"
"2026","1","Runnels ","DW ","217"
"2026","1","Runnels ","FR ","476"
"2026","1","Runnels ","FRO ","579"
"2026","1","Runnels ","HO ","1514"
"2026","1","Runnels ","TN ","172"
"2026","1","Rusk ","DW ","1185"
"2026","1","Rusk ","FR ","743"
"2026","1","Rusk ","FRO ","541"
"2026","1","Rusk ","HO ","7690"
"2026","1","Rusk ","TN ","732"
"2026","1","Sabine ","DW ","219"
"2026","1","Sabine ","FR ","139"
"2026","1","Sabine ","FRO ","128"
"2026","1","Sabine ","HO ","2495"
"2026","1","Sabine ","TN ","91"
"2026","1","San Augustine ","DW ","167"
"2026","1","San Augustine ","FR ","168"
"2026","1","San Augustine ","FRO ","115"
"2026","1","San Augustine ","HO ","1338"
"2026","1","San Augustine ","TN ","75"
"2026","1","San Jacinto ","DW ","331"
"2026","1","San Jacinto ","FR ","235"
"2026","1","San Jacinto ","FRO ","205"
"2026","1","San Jacinto ","HO ","4071"
"2026","1","San Jacinto ","TN ","316"
"2026","1","San Patricio ","DW ","1878"
"2026","1","San Patricio ","FR ","305"
"2026","1","San Patricio ","FRO ","283"
"2026","1","San Patricio ","HO ","14201"
"2026","1","San Patricio ","TN ","2017"
"2026","1","San Saba ","DW ","172"
"2026","1","San Saba ","FR ","538"
"2026","1","San Saba ","FRO ","449"
"2026","1","San Saba ","HO ","650"
"2026","1","San Saba ","TN ","107"
"2026","1","Schleicher ","DW ","36"
"2026","1","Schleicher ","FR ","150"
"2026","1","Schleicher ","FRO ","173"
"2026","1","Schleicher ","HO ","262"
"2026","1","Schleicher ","TN ","29"
"2026","1","Scurry ","DW ","343"
"2026","1","Scurry ","FR ","305"
"2026","1","Scurry ","FRO ","226"
"2026","1","Scurry ","HO ","2300"
"2026","1","Scurry ","TN ","210"
"2026","1","Shackelford ","DW ","80"
"2026","1","Shackelford ","FR ","107"
"2026","1","Shackelford ","FRO ","96"
"2026","1","Shackelford ","HO ","563"
"2026","1","Shackelford ","TN ","68"
"2026","1","Shelby ","DW ","456"
"2026","1","Shelby ","FR ","588"
"2026","1","Shelby ","FRO ","523"
"2026","1","Shelby ","HO ","3200"
"2026","1","Shelby ","TN ","307"
"2026","1","Sherman ","DW ","60"
"2026","1","Sherman ","FR ","122"
"2026","1","Sherman ","FRO ","88"
"2026","1","Sherman ","HO ","435"
"2026","1","Sherman ","TN ","43"
"2026","1","Smith ","DW ","8577"
"2026","1","Smith ","FR ","1148"
"2026","1","Smith ","FRO ","1015"
"2026","1","Smith ","HO ","52268"
"2026","1","Smith ","TN ","17587"
"2026","1","Somervell ","DW ","232"
"2026","1","Somervell ","FR ","179"
"2026","1","Somervell ","FRO ","151"
"2026","1","Somervell ","HO ","1648"
"2026","1","Somervell ","TN ","264"
"2026","1","Starr ","DW ","413"
"2026","1","Starr ","FR ","98"
"2026","1","Starr ","FRO ","97"
"2026","1","Starr ","HO ","4358"
"2026","1","Starr ","TN ","275"
"2026","1","Stephens ","DW ","235"
"2026","1","Stephens ","FR ","212"
"2026","1","Stephens ","FRO ","154"
"2026","1","Stephens ","HO ","1465"
"2026","1","Stephens ","TN ","174"
"2026","1","Sterling ","DW ","6"
"2026","1","Sterling ","FR ","57"
"2026","1","Sterling ","FRO ","79"
"2026","1","Sterling ","HO ","121"
"2026","1","Sterling ","TN ","22"
"2026","1","Stonewall ","DW ","19"
"2026","1","Stonewall ","FR ","103"
"2026","1","Stonewall ","FRO ","78"
"2026","1","Stonewall ","HO ","183"
"2026","1","Stonewall ","TN ","16"
"2026","1","Sutton ","DW ","59"
"2026","1","Sutton ","FR ","161"
"2026","1","Sutton ","FRO ","214"
"2026","1","Sutton ","HO ","504"
"2026","1","Sutton ","TN ","68"
"2026","1","Swisher ","DW ","123"
"2026","1","Swisher ","FR ","268"
"2026","1","Swisher ","FRO ","213"
"2026","1","Swisher ","HO ","929"
"2026","1","Swisher ","TN ","93"
"2026","1","Tarrant ","DW ","64762"
"2026","1","Tarrant ","FR ","356"
"2026","1","Tarrant ","FRO ","348"
"2026","1","Tarrant ","HO ","413190"
"2026","1","Tarrant ","TN ","190161"
"2026","1","Taylor ","DW ","6083"
"2026","1","Taylor ","FR ","537"
"2026","1","Taylor ","FRO ","768"
"2026","1","Taylor ","HO ","29510"
"2026","1","Taylor ","TN ","11809"
"2026","1","Terrell ","DW ","25"
"2026","1","Terrell ","FR ","30"
"2026","1","Terrell ","FRO ","37"
"2026","1","Terrell ","HO ","153"
"2026","1","Terrell ","TN ","10"
"2026","1","Terry ","DW ","154"
"2026","1","Terry ","FR ","197"
"2026","1","Terry ","FRO ","117"
"2026","1","Terry ","HO ","1279"
"2026","1","Terry ","TN ","162"
"2026","1","Throckmorton ","DW ","33"
"2026","1","Throckmorton ","FR ","121"
"2026","1","Throckmorton ","FRO ","138"
"2026","1","Throckmorton ","HO ","179"
"2026","1","Throckmorton ","TN ","32"
"2026","1","Titus ","DW ","760"
"2026","1","Titus ","FR ","448"
"2026","1","Titus ","FRO ","359"
"2026","1","Titus ","HO ","4563"
"2026","1","Titus ","TN ","650"
"2026","1","Tom Green ","DW ","2832"
"2026","1","Tom Green ","FR ","569"
"2026","1","Tom Green ","FRO ","879"
"2026","1","Tom Green ","HO ","23562"
"2026","1","Tom Green ","TN ","8648"
"2026","1","Travis ","DW ","44973"
"2026","1","Travis ","FR ","352"
"2026","1","Travis ","FRO ","296"
"2026","1","Travis ","HO ","242906"
"2026","1","Travis ","TN ","252695"
"2026","1","Trinity ","DW ","337"
"2026","1","Trinity ","FR ","285"
"2026","1","Trinity ","FRO ","205"
"2026","1","Trinity ","HO ","2910"
"2026","1","Trinity ","TN ","233"
"2026","1","Tyler ","DW ","380"
"2026","1","Tyler ","FR ","418"
"2026","1","Tyler ","FRO ","439"
"2026","1","Tyler ","HO ","3305"
"2026","1","Tyler ","TN ","253"
"2026","1","Upshur ","DW ","921"
"2026","1","Upshur ","FR ","630"
"2026","1","Upshur ","FRO ","487"
"2026","1","Upshur ","HO ","7745"
"2026","1","Upshur ","TN ","925"
"2026","1","Upton ","DW ","32"
"2026","1","Upton ","FR ","39"
"2026","1","Upton ","FRO ","17"
"2026","1","Upton ","HO ","365"
"2026","1","Upton ","TN ","63"
"2026","1","Uvalde ","DW ","806"
"2026","1","Uvalde ","FR ","378"
"2026","1","Uvalde ","FRO ","448"
"2026","1","Uvalde ","HO ","3720"
"2026","1","Uvalde ","TN ","398"
"2026","1","Val Verde ","DW ","1226"
"2026","1","Val Verde ","FR ","166"
"2026","1","Val Verde ","FRO ","159"
"2026","1","Val Verde ","HO ","7240"
"2026","1","Val Verde ","TN ","1354"
"2026","1","Van Zandt ","DW ","1321"
"2026","1","Van Zandt ","FR ","1640"
"2026","1","Van Zandt ","FRO ","1332"
"2026","1","Van Zandt ","HO ","11066"
"2026","1","Van Zandt ","TN ","1355"
"2026","1","Victoria ","DW ","1941"
"2026","1","Victoria ","FR ","516"
"2026","1","Victoria ","FRO ","600"
"2026","1","Victoria ","HO ","14676"
"2026","1","Victoria ","TN ","3960"
"2026","1","Walker ","DW ","1474"
"2026","1","Walker ","FR ","664"
"2026","1","Walker ","FRO ","532"
"2026","1","Walker ","HO ","10386"
"2026","1","Walker ","TN ","4753"
"2026","1","Waller ","DW ","898"
"2026","1","Waller ","FR ","449"
"2026","1","Waller ","FRO ","410"
"2026","1","Waller ","HO ","7303"
"2026","1","Waller ","TN ","1519"
"2026","1","Ward ","DW ","151"
"2026","1","Ward ","FR ","20"
"2026","1","Ward ","FRO ","21"
"2026","1","Ward ","HO ","1628"
"2026","1","Ward ","TN ","186"
"2026","1","Washington ","DW ","779"
"2026","1","Washington ","FR ","885"
"2026","1","Washington ","FRO ","929"
"2026","1","Washington ","HO ","6306"
"2026","1","Washington ","TN ","1093"
"2026","1","Webb ","DW ","3661"
"2026","1","Webb ","FR ","163"
"2026","1","Webb ","FRO ","148"
"2026","1","Webb ","HO ","35103"
"2026","1","Webb ","TN ","4397"
"2026","1","Wharton ","DW ","847"
"2026","1","Wharton ","FR ","872"
"2026","1","Wharton ","FRO ","708"
"2026","1","Wharton ","HO ","4712"
"2026","1","Wharton ","TN ","773"
"2026","1","Wheeler ","DW ","101"
"2026","1","Wheeler ","FR ","244"
"2026","1","Wheeler ","FRO ","265"
"2026","1","Wheeler ","HO ","610"
"2026","1","Wheeler ","TN ","101"
"2026","1","Wichita ","DW ","3870"
"2026","1","Wichita ","FR ","406"
"2026","1","Wichita ","FRO ","347"
"2026","1","Wichita ","HO ","27878"
"2026","1","Wichita ","TN ","8904"
"2026","1","Wilbarger ","DW ","338"
"2026","1","Wilbarger ","FR ","259"
"2026","1","Wilbarger ","FRO ","159"
"2026","1","Wilbarger ","HO ","1611"
"2026","1","Wilbarger ","TN ","364"
"2026","1","Willacy ","DW ","227"
"2026","1","Willacy ","FR ","91"
"2026","1","Willacy ","FRO ","67"
"2026","1","Willacy ","HO ","1566"
"2026","1","Willacy ","TN ","148"
"2026","1","Williamson ","DW ","27433"
"2026","1","Williamson ","FR ","1112"
"2026","1","Williamson ","FRO ","993"
"2026","1","Williamson ","HO ","182128"
"2026","1","Williamson ","TN ","81797"
"2026","1","Wilson ","DW ","624"
"2026","1","Wilson ","FR ","939"
"2026","1","Wilson ","FRO ","834"
"2026","1","Wilson ","HO ","9273"
"2026","1","Wilson ","TN ","955"
"2026","1","Winkler ","DW ","121"
"2026","1","Winkler ","FR ","17"
"2026","1","Winkler ","FRO ","22"
"2026","1","Winkler ","HO ","953"
"2026","1","Winkler ","TN ","134"
"2026","1","Wise ","DW ","1368"
"2026","1","Wise ","FR ","1325"
"2026","1","Wise ","FRO ","954"
"2026","1","Wise ","HO ","16863"
"2026","1","Wise ","TN ","2373"
"2026","1","Wood ","DW ","1078"
"2026","1","Wood ","FR ","1236"
"2026","1","Wood ","FRO ","1022"
"2026","1","Wood ","HO ","12130"
"2026","1","Wood ","TN ","1223"
"2026","1","Yoakum ","DW ","137"
"2026","1","Yoakum ","FR ","126"
"2026","1","Yoakum ","FRO ","54"
"2026","1","Yoakum ","HO ","1068"
"2026","1","Yoakum ","TN ","70"
"2026","1","Young ","DW ","509"
"2026","1","Young ","FR ","502"
"2026","1","Young ","FRO ","432"
"2026","1","Young ","HO ","3790"
"2026","1","Young ","TN ","429"
"2026","1","Zapata ","DW ","117"
"2026","1","Zapata ","FR ","44"
"2026","1","Zapata ","FRO ","46"
"2026","1","Zapata ","HO ","1172"
"2026","1","Zapata ","TN ","29"
"2026","1","Zavala ","DW ","145"
"2026","1","Zavala ","FR ","175"
"2026","1","Zavala ","FRO ","140"
"2026","1","Zavala ","HO ","811"
"2026","1","Zavala ","TN ","55"
"2026","1","zz.MISSING ","DW ","6"
"2026","1","zz.MISSING ","FR ","4"
"2026","1","zz.MISSING ","FRO ","6"
"2026","1","zz.MISSING ","HO ","29"
"2026","1","zz.MISSING ","TN ","1"
"2026","1","zz.STATE ","DW ","867004"
"2026","1","zz.STATE ","FR ","114034"
"2026","1","zz.STATE ","FRO ","100420"
"2026","1","zz.STATE ","HO ","5698377"
"2026","1","zz.STATE ","TN ","2304417"
,,,,
,,,,
,,,,
,,,,
,,,,
,,,,
,,,,
,,,,
,,,,
,,,,
,,,,
,,,,
,,,,
,,,,
,,,,
,,,,
,,,,
,,,,
,,,,
,,,,
,,,,
,,,,
,,,,
,,,,
,,,,
,,,,
,,,,
,,,,
,,,,
,,,,
,,,,
,,,,
,,,,
,,,,
,,,,
,,,,
,,,,
,,,,
,,,,
,,,,
,,,,
,,,,
,,,,
,,,,
,,,,
,,,,
,,,,
,,,,
,,,,
,,,,
,,,,
,,,,
,,,,
,,,,
,,,,
,,,,
,,,,
,,,,
,,,,
,,,,
,,,,
,,,,
,,,,
,,,,
,,,,
,,,,
,,,,
,,,,
,,,,
,,,,
,,,,
,,,,
,,,,
,,,,
,,,,
,,,,
,,,,
,,,,
,,,,
,,,,
,,,,
,,,,
,,,,
,,,,
,,,,
,,,,
,,,,
,,,,
,,,,
,,,,
,,,,
,,,,
,,,,
,,,,
,,,,
,,,,
,,,,
,,,,
,,,,
,,,,
,,,,
,,,,
,,,,
,,,,
,,,,
,,,,
,,,,
,,,,
,,,,
,,,,
,,,,
,,,,
,,,,
,,,,
,,,,
,,,,
,,,,
,,,,
,,,,
,,,,
,,,,
,,,,
,,,,
,,,,
,,,,
,,,,
,,,,
,,,,
,,,,
,,,,
,,,,
,,,,
,,,,
,,,,
,,,,
,,,,
,,,,
,,,,
,,,,
,,,,
,,,,
,,,,
,,,,
,,,,
,,,,
,,,,
,,,,
,,,,
,,,,
,,,,
,,,,
,,,,
,,,,
,,,,
,,,,
,,,,
,,,,
,,,,
,,,,
,,,,
,,,,
,,,,
,,,,
,,,,
,,,,
,,,,
,,,,
,,,,
,,,,
,,,,
,,,,
,,,,
,,,,
,,,,
,,,,
,,,,
,,,,
,,,,
,,,,
,,,,
,,,,
,,,,
,,,,
,,,,
,,,,
,,,,
,,,,
,,,,
,,,,
,,,,
,,,,
,,,,
,,,,
,,,,
,,,,
,,,,
,,,,
,,,,
,,,,
,,,,
,,,,
,,,,
,,,,
,,,,
,,,,
,,,,
,,,,
,,,,
,,,,
,,,,
,,,,
,,,,
,,,,
,,,,
,,,,
,,,,
,,,,
,,,,
,,,,
,,,,
,,,,
,,,,
,,,,
,,,,
,,,,
,,,,
,,,,
,,,,
,,,,
,,,,
,,,,
,,,,
,,,,
,,,,
,,,,
,,,,
,,,,
,,,,
,,,,
,,,,
,,,,
,,,,
,,,,
,,,,
,,,,
,,,,
,,,,
,,,,
,,,,
,,,,
,,,,
,,,,
,,,,
,,,,
,,,,
,,,,
,,,,
,,,,
,,,,
,,,,
,,,,
,,,,
,,,,
,,,,
,,,,
,,,,
,,,,
,,,,
,,,,
,,,,
,,,,
,,,,
,,,,
,,,,
,,,,
,,,,
,,,,
,,,,
,,,,
,,,,
,,,,
,,,,
,,,,
,,,,
,,,,
,,,,
,,,,
,,,,
,,,,
,,,,
,,,,
,,,,
,,,,
,,,,
,,,,
,,,,
,,,,
,,,,
,,,,
,,,,
,,,,
,,,,
,,,,
,,,,
,,,,
,,,,
,,,,
,,,,
,,,,
,,,,
,,,,
,,,,
,,,,
,,,,
,,,,
,,,,
,,,,
,,,,
,,,,
,,,,
,,,,
,,,,
,,,,
,,,,
,,,,
,,,,
,,,,
,,,,
,,,,
,,,,
,,,,
,,,,
,,,,
,,,,
,,,,
,,,,
,,,,
,,,,
,,,,
,,,,
,,,,
,,,,
,,,,
,,,,
,,,,
,,,,
,,,,
,,,,
,,,,
,,,,
,,,,
,,,,
,,,,
,,,,
,,,,
,,,,
,,,,
,,,,
,,,,
,,,,
,,,,
,,,,
,,,,
,,,,
,,,,
,,,,
,,,,
,,,,
,,,,
,,,,
,,,,
,,,,
,,,,
,,,,
,,,,
,,,,
,,,,
,,,,
,,,,
,,,,
,,,,
,,,,
,,,,
,,,,
,,,,
,,,,
,,,,
,,,,
,,,,
,,,,
,,,,
,,,,
,,,,
,,,,
,,,,
,,,,
,,,,
,,,,
,,,,
,,,,
,,,,
,,,,
,,,,
,,,,
,,,,
,,,,
,,,,
,,,,
,,,,
,,,,
,,,,
,,,,
,,,,
,,,,
,,,,
,,,,
,,,,
,,,,
,,,,
,,,,
,,,,
,,,,
,,,,
,,,,
,,,,
,,,,
,,,,
,,,,
,,,,
,,,,
,,,,
,,,,
,,,,
,,,,
,,,,
,,,,
,,,,
,,,,
,,,,
,,,,
,,,,
,,,,
,,,,
,,,,
,,,,
,,,,
,,,,
,,,,
,,,,
,,,,
,,,,
,,,,
,,,,
,,,,
,,,,
,,,,
,,,,
,,,,
,,,,
,,,,
,,,,
,,,,
,,,,
,,,,
,,,,
,,,,
,,,,
,,,,
,,,,
,,,,
,,,,
,,,,
,,,,
,,,,
,,,,
,,,,
,,,,
,,,,
,,,,
,,,,
,,,,
,,,,
,,,,
,,,,
,,,,
,,,,
,,,,
,,,,
,,,,
,,,,
,,,,
,,,,
,,,,
,,,,
,,,,
,,,,
,,,,
,,,,
,,,,
,,,,
,,,,
,,,,
,,,,
,,,,
,,,,
,,,,
,,,,
,,,,
,,,,
,,,,
,,,,
,,,,
,,,,
,,,,
,,,,
,,,,
,,,,
,,,,
,,,,
,,,,
,,,,
,,,,
,,,,
,,,,
,,,,
,,,,
,,,,
,,,,
,,,,
,,,,
,,,,
,,,,
,,,,
,,,,
,,,,
,,,,
,,,,
,,,,
,,,,
,,,,
,,,,
,,,,
,,,,
,,,,
,,,,
,,,,
,,,,
,,,,
,,,,
,,,,
,,,,
,,,,
,,,,
,,,,
,,,,
,,,,
,,,,
,,,,
,,,,
,,,,
,,,,
,,,,
,,,,
,,,,
,,,,
,,,,
,,,,
,,,,
,,,,
,,,,
,,,,
,,,,
,,,,
,,,,
,,,,
,,,,
,,,,
,,,,
,,,,
,,,,
,,,,
,,,,
,,,,
,,,,
,,,,
,,,,
,,,,
,,,,
,,,,
,,,,
,,,,
,,,,
,,,,
,,,,
,,,,
,,,,
,,,,
,,,,
,,,,
,,,,
,,,,
,,,,
,,,,
,,,,
,,,,
,,,,
,,,,
,,,,
,,,,
,,,,
,,,,
,,,,
,,,,
,,,,
,,,,
,,,,
,,,,
,,,,
,,,,
,,,,
,,,,
,,,,
,,,,
,,,,
,,,,
,,,,
,,,,
,,,,
,,,,
,,,,
,,,,
,,,,
,,,,
,,,,
,,,,
,,,,
,,,,
,,,,
,,,,
,,,,
,,,,
,,,,
,,,,
,,,,
,,,,
,,,,
,,,,
,,,,
,,,,
,,,,
,,,,
,,,,
,,,,
,,,,
,,,,
,,,,
,,,,
,,,,
,,,,
,,,,
,,,,
,,,,
,,,,
,,,,
,,,,
,,,,
,,,,
,,,,
,,,,
,,,,
,,,,
,,,,
,,,,
,,,,
,,,,
,,,,
,,,,
,,,,
,,,,
,,,,
,,,,
,,,,
,,,,
,,,,
,,,,
,,,,
,,,,
,,,,
,,,,
,,,,
,,,,
,,,,
,,,,
,,,,
,,,,
,,,,
,,,,
,,,,
,,,,
,,,,
,,,,
,,,,
,,,,
,,,,
,,,,
,,,,
,,,,
,,,,
,,,,
,,,,
,,,,
,,,,
,,,,
,,,,
,,,,
,,,,
,,,,
,,,,
,,,,
,,,,
,,,,
,,,,
,,,,
,,,,
,,,,
,,,,
,,,,
,,,,
,,,,
,,,,
,,,,
,,,,
,,,,
,,,,
,,,,
,,,,
,,,,
,,,,
,,,,
,,,,
,,,,
,,,,
,,,,
,,,,
,,,,
,,,,
,,,,
,,,,
,,,,
,,,,
,,,,
,,,,
,,,,
,,,,
,,,,
,,,,
,,,,
,,,,
,,,,
,,,,
,,,,
,,,,
,,,,
,,,,
,,,,
,,,,
,,,,
,,,,
,,,,
,,,,
,,,,
,,,,
,,,,
,,,,
,,,,
,,,,
,,,,
,,,,
,,,,
,,,,
,,,,
,,,,
,,,,
,,,,
,,,,
,,,,
,,,,
,,,,
,,,,
,,,,
,,,,
,,,,
,,,,
,,,,
,,,,
,,,,
,,,,
,,,,
,,,,
,,,,
,,,,
,,,,
,,,,
,,,,
,,,,
,,,,
,,,,
,,,,
,,,,
,,,,
,,,,
,,,,
,,,,
,,,,
,,,,
,,,,
,,,,
,,,,
,,,,
,,,,
,,,,
,,,,
,,,,
,,,,
,,,,
,,,,
,,,,
,,,,
,,,,
,,,,
,,,,
,,,,
,,,,
,,,,
,,,,
,,,,
,,,,
,,,,
,,,,
,,,,
,,,,
,,,,
,,,,
,,,,
,,,,
,,,,
,,,,
,,,,
,,,,
,,,,
,,,,
,,,,
,,,,
,,,,
,,,,
,,,,
,,,,
,,,,
,,,,
,,,,
,,,,
,,,,
,,,,
,,,,
,,,,
,,,,
,,,,
,,,,
,,,,
,,,,
,,,,
,,,,
,,,,
,,,,
,,,,
,,,,
,,,,
,,,,
,,,,
,,,,
,,,,
,,,,
,,,,
,,,,
,,,,
,,,,
,,,,
,,,,
,,,,
,,,,
,,,,
,,,,
,,,,
,,,,
,,,,
,,,,
,,,,
,,,,
,,,,
,,,,
,,,,
,,,,
,,,,
,,,,
,,,,
,,,,
,,,,
,,,,
,,,,
,,,,
,,,,
,,,,
,,,,
,,,,
,,,,
,,,,
,,,,
,,,,
,,,,
,,,,
,,,,
,,,,
,,,,
,,,,
,,,,
,,,,
,,,,
,,,,
,,,,
,,,,
,,,,
,,,,
,,,,
,,,,
,,,,
,,,,
,,,,
,,,,
,,,,
,,,,
,,,,
,,,,
,,,,
,,,,
,,,,
,,,,
,,,,
,,,,
,,,,
,,,,
,,,,
,,,,
,,,,
,,,,
,,,,
,,,,
,,,,
,,,,
,,,,
,,,,
,,,,
,,,,
,,,,
,,,,
,,,,
,,,,
,,,,
,,,,
,,,,
,,,,
,,,,
,,,,
,,,,
,,,,
,,,,
,,,,
,,,,
,,,,
,,,,
,,,,
,,,,
,,,,
,,,,
,,,,
,,,,
,,,,
,,,,
,,,,
,,,,
,,,,
,,,,
,,,,
,,,,
,,,,
,,,,
,,,,
,,,,
,,,,
,,,,
,,,,
,,,,
,,,,
,,,,
,,,,
,,,,
,,,,
,,,,
,,,,
,,,,
,,,,
,,,,
,,,,
,,,,
,,,,
,,,,
,,,,
,,,,
,,,,
,,,,
,,,,
,,,,
,,,,
,,,,
,,,,
,,,,
,,,,
,,,,
,,,,
,,,,
,,,,
,,,,
,,,,
,,,,
,,,,
,,,,
,,,,
,,,,
,,,,
,,,,
,,,,
,,,,
,,,,
,,,,
,,,,
,,,,
,,,,
,,,,
,,,,
,,,,
,,,,
,,,,
,,,,
,,,,
,,,,
,,,,
,,,,
,,,,
,,,,
,,,,
,,,,
,,,,
,,,,
,,,,
,,,,
,,,,
,,,,
,,,,
,,,,
,,,,
,,,,
,,,,
,,,,
,,,,
,,,,
,,,,
,,,,
,,,,
,,,,
,,,,
,,,,
,,,,
,,,,
,,,,
,,,,
,,,,
,,,,
,,,,
,,,,
,,,,
,,,,
,,,,
,,,,
,,,,
,,,,
,,,,
,,,,
,,,,
,,,,
,,,,
,,,,
,,,,
,,,,
,,,,
,,,,
,,,,
,,,,
,,,,
,,,,
,,,,
,,,,
,,,,
,,,,
,,,,
,,,,
,,,,
,,,,
,,,,
,,,,
,,,,
,,,,
,,,,
,,,,
,,,,
,,,,
,,,,
,,,,
,,,,
,,,,
,,,,
,,,,
,,,,
,,,,
,,,,
,,,,
,,,,
,,,,
,,,,
,,,,
,,,,
,,,,
,,,,
,,,,
,,,,
,,,,
,,,,
,,,,
,,,,
,,,,
,,,,
,,,,
,,,,
,,,,
,,,,
,,,,
,,,,
,,,,
,,,,
,,,,
,,,,
,,,,
,,,,
,,,,
,,,,
,,,,
,,,,
,,,,
,,,,
,,,,
,,,,
,,,,
,,,,
,,,,
,,,,
,,,,
,,,,
,,,,
,,,,
,,,,
,,,,
,,,,
,,,,
,,,,
,,,,
,,,,
,,,,
,,,,
,,,,
,,,,
,,,,
,,,,
,,,,
,,,,
,,,,
,,,,
,,,,
,,,,
,,,,
,,,,
,,,,
,,,,
,,,,
,,,,
,,,,
,,,,
,,,,
,,,,
,,,,
,,,,
,,,,
,,,,
,,,,
,,,,
,,,,
,,,,
,,,,
,,,,
,,,,
,,,,
,,,,
,,,,
,,,,
,,,,
,,,,
,,,,
,,,,
,,,,
,,,,
,,,,
,,,,
,,,,
,,,,
,,,,
,,,,
,,,,
,,,,
,,,,
,,,,
,,,,
,,,,
,,,,
,,,,
,,,,
,,,,
,,,,
,,,,
,,,,
,,,,
,,,,
,,,,
,,,,
,,,,
,,,,
,,,,
,,,,
,,,,
,,,,
,,,,
,,,,
,,,,
,,,,
,,,,
,,,,
,,,,
,,,,
,,,,
,,,,
,,,,
,,,,
,,,,
,,,,
,,,,
,,,,
,,,,
,,,,
,,,,
,,,,
,,,,
,,,,
,,,,
,,,,
,,,,
,,,,
,,,,
,,,,
,,,,
,,,,
,,,,
,,,,
,,,,
,,,,
,,,,
,,,,
,,,,
,,,,
,,,,
,,,,
,,,,
,,,,
,,,,
,,,,
,,,,
,,,,
,,,,
,,,,
,,,,
,,,,
,,,,
,,,,
,,,,
,,,,
,,,,
,,,,
,,,,
,,,,
,,,,
,,,,
,,,,
,,,,
,,,,
,,,,
,,,,
,,,,
,,,,
,,,,
,,,,
,,,,
,,,,
,,,,
,,,,
,,,,
,,,,
,,,,
,,,,
,,,,
,,,,
,,,,
,,,,
,,,,
,,,,
,,,,
,,,,
,,,,
,,,,
,,,,
,,,,
,,,,
,,,,
,,,,
,,,,
,,,,
,,,,
,,,,
,,,,
,,,,
,,,,
,,,,
,,,,
,,,,
,,,,
,,,,
,,,,
,,,,
,,,,
,,,,
,,,,
,,,,
,,,,
,,,,
,,,,
,,,,
,,,,
,,,,
,,,,
,,,,
,,,,
,,,,
,,,,
,,,,
,,,,
,,,,
,,,,
,,,,
,,,,
,,,,
,,,,
,,,,
,,,,
,,,,
,,,,
,,,,
,,,,
,,,,
,,,,
,,,,
,,,,
,,,,
,,,,
,,,,
,,,,
,,,,
,,,,
,,,,
,,,,
,,,,
,,,,
,,,,
,,,,
,,,,
,,,,
,,,,
,,,,
,,,,
,,,,
,,,,
,,,,
,,,,
,,,,
,,,,
,,,,
,,,,
,,,,
,,,,
,,,,
,,,,
,,,,
,,,,
,,,,
,,,,
,,,,
,,,,
,,,,
,,,,
,,,,
,,,,
,,,,
,,,,
,,,,
,,,,
,,,,
,,,,
,,,,
,,,,
,,,,
,,,,
,,,,
,,,,
,,,,
,,,,
,,,,
,,,,
,,,,
,,,,
,,,,
,,,,
,,,,
,,,,
,,,,
,,,,
,,,,
,,,,
,,,,
,,,,
,,,,
,,,,
,,,,
,,,,
,,,,
,,,,
,,,,
,,,,
,,,,
,,,,
,,,,
,,,,
,,,,
,,,,
,,,,
,,,,
,,,,
,,,,
,,,,
,,,,
,,,,
,,,,
,,,,
,,,,
,,,,
,,,,
,,,,
,,,,
,,,,
,,,,
,,,,
,,,,
,,,,
,,,,
,,,,
,,,,
,,,,
,,,,
,,,,
,,,,
,,,,
,,,,
,,,,
,,,,
,,,,
,,,,
,,,,
,,,,
,,,,
,,,,
,,,,
,,,,
,,,,
,,,,
,,,,
,,,,
,,,,
,,,,
,,,,
,,,,
,,,,
,,,,
,,,,
,,,,
,,,,
,,,,
,,,,
,,,,
,,,,
,,,,
,,,,
,,,,
,,,,
,,,,
,,,,
,,,,
,,,,
,,,,
,,,,
,,,,
,,,,
,,,,
,,,,
,,,,
,,,,
,,,,
,,,,
,,,,
,,,,
,,,,
,,,,
,,,,
,,,,
,,,,
,,,,
,,,,
,,,,
,,,,
,,,,
,,,,
,,,,
,,,,
,,,,
,,,,
,,,,
,,,,
,,,,
,,,,
,,,,
,,,,
,,,,
,,,,
,,,,
,,,,
,,,,
,,,,
,,,,
,,,,
,,,,
,,,,
,,,,
,,,,
,,,,
,,,,
,,,,
,,,,
,,,,
,,,,
,,,,
,,,,
,,,,
,,,,
,,,,
,,,,
,,,,
,,,,
,,,,
,,,,
,,,,
,,,,
,,,,
,,,,
,,,,
,,,,
,,,,
,,,,
,,,,
,,,,
,,,,
,,,,
,,,,
,,,,
,,,,
,,,,
,,,,
,,,,
,,,,
,,,,
,,,,
,,,,
,,,,
,,,,
,,,,
,,,,
,,,,
,,,,
,,,,
,,,,
,,,,
,,,,
,,,,
,,,,
,,,,
,,,,
,,,,
,,,,
,,,,
,,,,
,,,,
,,,,
,,,,
,,,,
,,,,
,,,,
,,,,
,,,,
,,,,
,,,,
,,,,
,,,,
,,,,
,,,,
,,,,
,,,,
,,,,
,,,,
,,,,
,,,,
,,,,
,,,,
,,,,
,,,,
,,,,
,,,,
,,,,
,,,,
,,,,
,,,,
,,,,
,,,,
,,,,
,,,,
,,,,
,,,,
,,,,
,,,,
,,,,
,,,,
,,,,
,,,,
,,,,
,,,,
,,,,
,,,,
,,,,
,,,,
,,,,
,,,,
,,,,
,,,,
,,,,
,,,,
,,,,
,,,,
,,,,
,,,,
,,,,
,,,,
,,,,
,,,,
,,,,
,,,,
,,,,
,,,,
,,,,
,,,,
,,,,
,,,,
,,,,
,,,,
,,,,
,,,,
,,,,
,,,,
,,,,
,,,,
,,,,
,,,,
,,,,
,,,,
,,,,
,,,,
,,,,
,,,,
,,,,
,,,,
,,,,
,,,,
,,,,
,,,,
,,,,
,,,,
,,,,
,,,,
,,,,
,,,,
,,,,
,,,,
,,,,
,,,,
,,,,
,,,,
,,,,
,,,,
,,,,
,,,,
,,,,
,,,,
,,,,
,,,,
,,,,
,,,,
,,,,
,,,,
,,,,
,,,,
,,,,
,,,,
,,,,
,,,,
,,,,
,,,,
,,,,
,,,,
,,,,
,,,,
,,,,
,,,,
,,,,
,,,,
,,,,
,,,,
,,,,
,,,,
,,,,
,,,,
,,,,
,,,,
,,,,
,,,,
,,,,
,,,,
,,,,
,,,,
,,,,
,,,,
,,,,
,,,,
,,,,
,,,,
,,,,
,,,,
,,,,
,,,,
,,,,
,,,,
,,,,
,,,,
,,,,
,,,,
,,,,
,,,,
,,,,
,,,,
,,,,
,,,,
,,,,
,,,,
,,,,
,,,,
,,,,
,,,,
,,,,
,,,,
,,,,
,,,,
,,,,
,,,,
,,,,
,,,,
,,,,
,,,,
,,,,
,,,,
,,,,
,,,,
,,,,
,,,,
,,,,
,,,,
,,,,
,,,,
,,,,
,,,,
,,,,
,,,,
,,,,
,,,,
,,,,
,,,,
,,,,
,,,,
,,,,
,,,,
,,,,
,,,,
,,,,
,,,,
,,,,
,,,,
,,,,
,,,,
,,,,
,,,,
,,,,
,,,,
,,,,
,,,,
,,,,
,,,,
,,,,
,,,,
,,,,
,,,,
,,,,
,,,,
,,,,
,,,,
,,,,
,,,,
,,,,
,,,,
,,,,
,,,,
,,,,
,,,,
,,,,
,,,,
,,,,
,,,,
,,,,
,,,,
,,,,
,,,,
,,,,
,,,,
,,,,
,,,,
,,,,
,,,,
,,,,
,,,,
,,,,
,,,,
,,,,
,,,,
,,,,
,,,,
,,,,
,,,,
,,,,
,,,,
,,,,
,,,,
,,,,
,,,,
,,,,
,,,,
,,,,
,,,,
,,,,
,,,,
,,,,
,,,,
,,,,
,,,,
,,,,
,,,,
,,,,
,,,,
,,,,
,,,,
,,,,
,,,,
,,,,
,,,,
,,,,
,,,,
,,,,
,,,,
,,,,
,,,,
,,,,
,,,,
,,,,
,,,,
,,,,
,,,,
,,,,
,,,,
,,,,
,,,,
,,,,
,,,,
,,,,
,,,,
,,,,
,,,,
,,,,
,,,,
,,,,
,,,,
,,,,
,,,,
,,,,
,,,,
,,,,
,,,,
,,,,
,,,,
,,,,
,,,,
,,,,
,,,,
,,,,
,,,,
,,,,
,,,,
,,,,
,,,,
,,,,
,,,,
,,,,
,,,,
,,,,
,,,,
,,,,
,,,,
,,,,
,,,,
,,,,
,,,,
,,,,
,,,,
,,,,
,,,,
,,,,
,,,,
,,,,
,,,,
,,,,
,,,,
,,,,
,,,,
,,,,
,,,,
,,,,
,,,,
,,,,
,,,,
,,,,
,,,,
,,,,
,,,,
,,,,
,,,,
,,,,
,,,,
,,,,
,,,,
,,,,
,,,,
,,,,
,,,,
,,,,
,,,,
,,,,
,,,,
,,,,
,,,,
,,,,
,,,,
,,,,
,,,,
,,,,
,,,,
,,,,
,,,,
,,,,
,,,,
,,,,
,,,,
,,,,
,,,,
,,,,
,,,,
,,,,
,,,,
,,,,
,,,,
,,,,
,,,,
,,,,
,,,,
,,,,
,,,,
,,,,
,,,,
,,,,
,,,,
,,,,
,,,,
,,,,
,,,,
,,,,
,,,,
,,,,
,,,,
,,,,
,,,,
,,,,
,,,,
,,,,
,,,,
,,,,
,,,,
,,,,
,,,,
,,,,
,,,,
,,,,
,,,,
,,,,
,,,,
,,,,
,,,,
,,,,
,,,,
,,,,
,,,,
,,,,
,,,,
,,,,
,,,,
,,,,
,,,,
,,,,
,,,,
,,,,
,,,,
,,,,
,,,,
,,,,
,,,,
,,,,
,,,,
,,,,
,,,,
,,,,
,,,,
,,,,
,,,,
,,,,
,,,,
,,,,
,,,,
,,,,
,,,,
,,,,
,,,,
,,,,
,,,,
,,,,
,,,,
,,,,
,,,,
,,,,
,,,,
,,,,
,,,,
,,,,
,,,,
,,,,
,,,,
,,,,
,,,,
,,,,
,,,,
,,,,
,,,,
,,,,
,,,,
,,,,
,,,,
,,,,
,,,,
,,,,
,,,,
,,,,
,,,,
,,,,
,,,,
,,,,
,,,,
,,,,
,,,,
,,,,
,,,,
,,,,
,,,,
,,,,
,,,,
,,,,
,,,,
,,,,
,,,,
,,,,
,,,,
,,,,
,,,,
,,,,
,,,,
,,,,
,,,,
,,,,
,,,,
,,,,
,,,,
,,,,
,,,,
,,,,
,,,,
,,,,
,,,,
,,,,
,,,,
,,,,
,,,,
,,,,
,,,,
,,,,
,,,,
,,,,
,,,,
,,,,
,,,,
,,,,
,,,,
,,,,
,,,,
,,,,
,,,,
,,,,
,,,,
,,,,
,,,,
,,,,
,,,,
,,,,
,,,,
,,,,
,,,,
,,,,
,,,,
,,,,
,,,,
,,,,
,,,,
,,,,
,,,,
,,,,
,,,,
,,,,
,,,,
,,,,
,,,,
,,,,
,,,,
,,,,
,,,,
,,,,
,,,,
,,,,
,,,,
,,,,
,,,,
,,,,
,,,,
,,,,
,,,,
,,,,
,,,,
,,,,
,,,,
,,,,
,,,,
,,,,
,,,,
,,,,
,,,,
,,,,
,,,,
,,,,
,,,,
,,,,
,,,,
,,,,
,,,,
,,,,
,,,,
,,,,
,,,,
,,,,
,,,,
,,,,
,,,,
,,,,
,,,,
,,,,
,,,,
,,,,
,,,,
,,,,
,,,,
,,,,
,,,,
,,,,
,,,,
,,,,
,,,,
,,,,
,,,,
,,,,
,,,,
,,,,
,,,,
,,,,
,,,,
,,,,
,,,,
,,,,
,,,,
,,,,
,,,,
,,,,
,,,,
,,,,
,,,,
,,,,
,,,,
,,,,
,,,,
,,,,
,,,,
,,,,
,,,,
,,,,
,,,,
,,,,
,,,,
,,,,
,,,,
,,,,
,,,,
,,,,
,,,,
,,,,
,,,,
,,,,
,,,,
,,,,
,,,,
,,,,
,,,,
,,,,
,,,,
,,,,
,,,,
,,,,
,,,,
,,,,
,,,,
,,,,
,,,,
,,,,
,,,,
,,,,
,,,,
,,,,
,,,,
,,,,
,,,,
,,,,
,,,,
,,,,
,,,,
,,,,
,,,,
,,,,
,,,,
,,,,
,,,,
,,,,
,,,,
,,,,
,,,,
,,,,
,,,,
,,,,
,,,,
,,,,
,,,,
,,,,
,,,,
,,,,
,,,,
,,,,
,,,,
,,,,
,,,,
,,,,
,,,,
,,,,
,,,,
,,,,
,,,,
,,,,
,,,,
,,,,
,,,,
,,,,
,,,,
,,,,
,,,,
,,,,
,,,,
,,,,
,,,,
,,,,
,,,,
,,,,
,,,,
,,,,
,,,,
,,,,
,,,,
,,,,
,,,,
,,,,
,,,,
,,,,
,,,,
,,,,
,,,,
,,,,
,,,,
,,,,
,,,,
,,,,
,,,,
,,,,
,,,,
,,,,
,,,,
,,,,
,,,,
,,,,
,,,,
,,,,
,,,,
,,,,
,,,,
,,,,
,,,,
,,,,
,,,,
,,,,
,,,,
,,,,
,,,,
,,,,
,,,,
,,,,
,,,,
,,,,
,,,,
,,,,
,,,,
,,,,
,,,,
,,,,
,,,,
,,,,
,,,,
,,,,
,,,,
,,,,
,,,,
,,,,
,,,,
,,,,
,,,,
,,,,
,,,,
,,,,
,,,,
,,,,
,,,,
,,,,
,,,,
,,,,
,,,,
,,,,
,,,,
,,,,
,,,,
,,,,
,,,,
,,,,
,,,,
,,,,
,,,,
,,,,
,,,,
,,,,
,,,,
,,,,
,,,,
,,,,
,,,,
,,,,
,,,,
,,,,
,,,,
,,,,
,,,,
,,,,
,,,,
,,,,
,,,,
,,,,
,,,,
,,,,
,,,,
,,,,
,,,,
,,,,
,,,,
,,,,
,,,,
,,,,
,,,,
,,,,
,,,,
,,,,
,,,,
,,,,
,,,,
,,,,
,,,,
,,,,
,,,,
,,,,
,,,,
,,,,
,,,,
,,,,
,,,,
,,,,
,,,,
,,,,
,,,,
,,,,
,,,,
,,,,
,,,,
,,,,
,,,,
,,,,
,,,,
,,,,
,,,,
,,,,
,,,,
,,,,
,,,,
,,,,
,,,,
,,,,
,,,,
,,,,
,,,,
,,,,
,,,,
,,,,
,,,,
,,,,
,,,,
,,,,
,,,,
,,,,
,,,,
,,,,
,,,,
,,,,
,,,,
,,,,
,,,,
,,,,
,,,,
,,,,
,,,,
,,,,
,,,,
,,,,
,,,,
,,,,
,,,,
,,,,
,,,,
,,,,
,,,,
,,,,
,,,,
,,,,
,,,,
,,,,
,,,,
,,,,
,,,,
,,,,
,,,,
,,,,
,,,,
,,,,
,,,,
,,,,
,,,,
,,,,
,,,,
,,,,
,,,,
,,,,
,,,,
,,,,
,,,,
,,,,
,,,,
,,,,
,,,,
,,,,
,,,,
,,,,
,,,,
,,,,
,,,,
,,,,
,,,,
,,,,
,,,,
,,,,
,,,,
,,,,
,,,,
,,,,
,,,,
,,,,
,,,,
,,,,
,,,,
,,,,
,,,,
,,,,
,,,,
,,,,
,,,,
,,,,
,,,,
,,,,
,,,,
,,,,
,,,,
,,,,
,,,,
,,,,
,,,,
,,,,
,,,,
,,,,
,,,,
,,,,
,,,,
,,,,
,,,,
,,,,
,,,,
,,,,
,,,,
,,,,
,,,,
,,,,
,,,,
,,,,
,,,,
,,,,
,,,,
,,,,
,,,,
,,,,
,,,,
,,,,
,,,,
,,,,
,,,,
,,,,
,,,,
,,,,
,,,,
,,,,
,,,,
,,,,
,,,,
,,,,
,,,,
,,,,
,,,,
,,,,
,,,,
,,,,
,,,,
,,,,
,,,,
,,,,
,,,,
,,,,
,,,,
,,,,
,,,,
,,,,
,,,,
,,,,
,,,,
,,,,
,,,,
,,,,
,,,,
,,,,
,,,,
,,,,
,,,,
,,,,
,,,,
,,,,
,,,,
,,,,
,,,,
,,,,
,,,,
,,,,
,,,,
,,,,
,,,,
,,,,
,,,,
,,,,
,,,,
,,,,
,,,,
,,,,
,,,,
,,,,
,,,,
,,,,
,,,,
,,,,
,,,,
,,,,
,,,,
,,,,
,,,,
,,,,
,,,,
,,,,
,,,,
,,,,
,,,,
,,,,
,,,,
,,,,
,,,,
,,,,
,,,,
,,,,
,,,,
,,,,
,,,,
,,,,
,,,,
,,,,
,,,,
,,,,
,,,,
,,,,
,,,,
,,,,
,,,,
,,,,
,,,,
,,,,
,,,,
,,,,
,,,,
,,,,
,,,,
,,,,
,,,,
,,,,
,,,,
,,,,
,,,,
,,,,
,,,,
,,,,
,,,,
,,,,
,,,,
,,,,
,,,,
,,,,
,,,,
,,,,
,,,,
,,,,
,,,,
,,,,
,,,,
,,,,
,,,,
,,,,
,,,,
,,,,
,,,,
,,,,
,,,,
,,,,
,,,,
,,,,
,,,,
,,,,
,,,,
,,,,
,,,,
,,,,
,,,,
,,,,
,,,,
,,,,
,,,,
,,,,
,,,,
,,,,
,,,,
,,,,
,,,,
,,,,
,,,,
,,,,
,,,,
,,,,
,,,,
,,,,
,,,,
,,,,
,,,,
,,,,
,,,,
,,,,
,,,,
,,,,
,,,,
,,,,
,,,,
,,,,
,,,,
,,,,
,,,,
,,,,
,,,,
,,,,
,,,,
,,,,
,,,,
,,,,
,,,,
,,,,
,,,,
,,,,
,,,,
,,,,
,,,,
,,,,
,,,,
,,,,
,,,,
,,,,
,,,,
,,,,
,,,,
,,,,
,,,,
,,,,
,,,,
,,,,
,,,,
,,,,
,,,,
,,,,
,,,,
,,,,
,,,,
,,,,
,,,,
,,,,
,,,,
,,,,
,,,,
,,,,
,,,,
,,,,
,,,,
,,,,
,,,,
,,,,
,,,,
,,,,
,,,,
,,,,
,,,,
,,,,
,,,,
,,,,
,,,,
,,,,
,,,,
,,,,
,,,,
,,,,
,,,,
,,,,
,,,,
,,,,
,,,,
,,,,
,,,,
,,,,
,,,,
,,,,
,,,,
,,,,
,,,,
,,,,
,,,,
,,,,
,,,,
,,,,
,,,,
,,,,
,,,,
,,,,
,,,,
,,,,
,,,,
,,,,
,,,,
,,,,
,,,,
,,,,
,,,,
,,,,
,,,,
,,,,
,,,,
,,,,
,,,,
,,,,
,,,,
,,,,
,,,,
,,,,
,,,,
,,,,
,,,,
,,,,
,,,,
,,,,
,,,,
,,,,
,,,,
,,,,
,,,,
,,,,
,,,,
,,,,
,,,,
,,,,
,,,,
,,,,
,,,,
,,,,
,,,,
,,,,
,,,,
,,,,
,,,,
,,,,
,,,,
,,,,
,,,,
,,,,
,,,,
,,,,
,,,,
,,,,
,,,,
,,,,
,,,,
,,,,
,,,,
,,,,
,,,,
,,,,
,,,,
,,,,
,,,,
,,,,
,,,,
,,,,
,,,,
,,,,
,,,,
,,,,
,,,,
,,,,
,,,,
,,,,
,,,,
,,,,
,,,,
,,,,
,,,,
,,,,
,,,,
,,,,
,,,,
,,,,
,,,,
,,,,
,,,,
,,,,
,,,,
,,,,
,,,,
,,,,
,,,,
,,,,
,,,,
,,,,
,,,,
,,,,
,,,,
,,,,
,,,,
,,,,
,,,,
,,,,
,,,,
,,,,
,,,,
,,,,
,,,,
,,,,
,,,,
,,,,
,,,,
,,,,
,,,,
,,,,
,,,,
,,,,
,,,,
,,,,
,,,,
,,,,
,,,,
,,,,
,,,,
,,,,
,,,,
,,,,
,,,,
,,,,
,,,,
,,,,
,,,,
,,,,
,,,,
,,,,
,,,,
,,,,
,,,,
,,,,
,,,,
,,,,
,,,,
,,,,
,,,,
,,,,
,,,,
,,,,
,,,,
,,,,
,,,,
,,,,
,,,,
,,,,
,,,,
,,,,
,,,,
,,,,
,,,,
,,,,
,,,,
,,,,
,,,,
,,,,
,,,,
,,,,
,,,,
,,,,
,,,,
,,,,
,,,,
,,,,
,,,,
,,,,
,,,,
,,,,
,,,,
,,,,
,,,,
,,,,
,,,,
,,,,
,,,,
,,,,
,,,,
,,,,
,,,,
,,,,
,,,,
,,,,
,,,,
,,,,
,,,,
,,,,
,,,,
,,,,
,,,,
,,,,
,,,,
,,,,
,,,,
,,,,
,,,,
,,,,
,,,,
,,,,
,,,,
,,,,
,,,,
,,,,
,,,,
,,,,
,,,,
,,,,
,,,,
,,,,
,,,,
,,,,
,,,,
,,,,
,,,,
,,,,
,,,,
,,,,
,,,,
,,,,
,,,,
,,,,
,,,,
,,,,
,,,,
,,,,
,,,,
,,,,
,,,,
,,,,
,,,,
,,,,
,,,,
,,,,
,,,,
,,,,
,,,,
,,,,
,,,,
,,,,
,,,,
,,,,
,,,,
,,,,
,,,,
,,,,
,,,,
,,,,
,,,,
,,,,
,,,,
,,,,
,,,,
,,,,
,,,,
,,,,
,,,,
,,,,
,,,,
,,,,
,,,,
,,,,
,,,,
,,,,
,,,,
,,,,
,,,,
,,,,
,,,,
,,,,
,,,,
,,,,
,,,,
,,,,
,,,,
,,,,
,,,,
,,,,
,,,,
,,,,
,,,,
,,,,
,,,,
,,,,
,,,,
,,,,
,,,,
,,,,
,,,,
,,,,
,,,,
,,,,
,,,,
,,,,
,,,,
,,,,
,,,,
,,,,
,,,,
,,,,
,,,,
,,,,
,,,,
,,,,
,,,,
,,,,
,,,,
,,,,
,,,,
,,,,
,,,,
,,,,
,,,,
,,,,
,,,,
,,,,
,,,,
,,,,
,,,,
,,,,
,,,,
,,,,
,,,,
,,,,
,,,,
,,,,
,,,,
,,,,
,,,,
,,,,
,,,,
,,,,
,,,,
,,,,
,,,,
,,,,
,,,,
,,,,
,,,,
,,,,
,,,,
,,,,
,,,,
,,,,
,,,,
,,,,
,,,,
,,,,
,,,,
,,,,
,,,,
,,,,
,,,,
,,,,
,,,,
,,,,
,,,,
,,,,
,,,,
,,,,
,,,,
,,,,
,,,,
,,,,
,,,,
,,,,
,,,,
,,,,
,,,,
,,,,
,,,,
,,,,
,,,,
,,,,
,,,,
,,,,
,,,,
,,,,
,,,,
,,,,
,,,,
,,,,
,,,,
,,,,
,,,,
,,,,
,,,,
,,,,
,,,,
,,,,
,,,,
,,,,
,,,,
,,,,
,,,,
,,,,
,,,,
,,,,
,,,,
,,,,
,,,,
,,,,
,,,,
,,,,
,,,,
,,,,
,,,,
,,,,
,,,,
,,,,
,,,,
,,,,
,,,,
,,,,
,,,,
,,,,
,,,,
,,,,
,,,,
,,,,
,,,,
,,,,
,,,,
,,,,
,,,,
,,,,
,,,,
,,,,
,,,,
,,,,
,,,,
,,,,
,,,,
,,,,
,,,,
,,,,
,,,,
,,,,
,,,,
,,,,
,,,,
,,,,
,,,,
,,,,
,,,,
,,,,
,,,,
,,,,
,,,,
,,,,
,,,,
,,,,
,,,,
,,,,
,,,,
,,,,
,,,,
,,,,
,,,,
,,,,
,,,,
,,,,
,,,,
,,,,
,,,,
,,,,
,,,,
,,,,
,,,,
,,,,
,,,,
,,,,
,,,,
,,,,
,,,,
,,,,
,,,,
,,,,
,,,,
,,,,
,,,,
,,,,
,,,,
,,,,
,,,,
,,,,
,,,,
,,,,
,,,,
,,,,
,,,,
,,,,
,,,,
,,,,
,,,,
,,,,
,,,,
,,,,
,,,,
,,,,
,,,,
,,,,
,,,,
,,,,
,,,,
,,,,
,,,,
,,,,
,,,,
,,,,
,,,,
,,,,
,,,,
,,,,
,,,,
,,,,
,,,,
,,,,
,,,,
,,,,
,,,,
,,,,
,,,,
,,,,
,,,,
,,,,
,,,,
,,,,
,,,,
,,,,
,,,,
,,,,
,,,,
,,,,
,,,,
,,,,
,,,,
,,,,
,,,,
,,,,
,,,,
,,,,
,,,,
,,,,
,,,,
,,,,
,,,,
,,,,
,,,,
,,,,
,,,,
,,,,
,,,,
,,,,
,,,,
,,,,
,,,,
,,,,
,,,,
,,,,
,,,,
,,,,
,,,,
,,,,
,,,,
,,,,
,,,,
,,,,
,,,,
,,,,
,,,,
,,,,
,,,,
,,,,
,,,,
,,,,
,,,,
,,,,
,,,,
,,,,
,,,,
,,,,
,,,,
,,,,
,,,,
,,,,
,,,,
,,,,
,,,,
,,,,
,,,,
,,,,
,,,,
,,,,
,,,,
,,,,
,,,,
,,,,
,,,,
,,,,
,,,,
,,,,
,,,,
,,,,
,,,,
,,,,
,,,,
,,,,
,,,,
,,,,
,,,,
,,,,
,,,,
,,,,
,,,,
,,,,
,,,,
,,,,
,,,,
,,,,
,,,,
,,,,
,,,,
,,,,
,,,,
,,,,
,,,,
,,,,
,,,,
,,,,
,,,,
,,,,
,,,,
,,,,
,,,,
,,,,
,,,,
,,,,
,,,,
,,,,
,,,,
,,,,
,,,,
,,,,
,,,,
,,,,
,,,,
,,,,
,,,,
,,,,
,,,,
,,,,
,,,,
,,,,
,,,,
,,,,
,,,,
,,,,
,,,,
,,,,
,,,,
,,,,
,,,,
,,,,
,,,,
,,,,
,,,,
,,,,
,,,,
,,,,
,,,,
,,,,
,,,,
,,,,
,,,,
,,,,
,,,,
,,,,
,,,,
,,,,
,,,,
,,,,
,,,,
,,,,
,,,,
,,,,
,,,,
,,,,
,,,,
,,,,
,,,,
,,,,
,,,,
,,,,
,,,,
,,,,
,,,,
,,,,
,,,,
,,,,
,,,,
,,,,
,,,,
,,,,
,,,,
,,,,
,,,,
,,,,
,,,,
,,,,
,,,,
,,,,
,,,,
,,,,
,,,,
,,,,
,,,,
,,,,
,,,,
,,,,
,,,,
,,,,
,,,,
,,,,
,,,,
,,,,
,,,,
,,,,
,,,,
,,,,
,,,,
,,,,
,,,,
,,,,
,,,,
,,,,
,,,,
,,,,
,,,,
,,,,
,,,,
,,,,
,,,,
,,,,
,,,,
,,,,
,,,,
,,,,
,,,,
,,,,
,,,,
,,,,
,,,,
,,,,
,,,,
,,,,
,,,,
,,,,
,,,,
,,,,
,,,,
,,,,
,,,,
,,,,
,,,,
,,,,
,,,,
,,,,
,,,,
,,,,
,,,,
,,,,
,,,,
,,,,
,,,,
,,,,
,,,,
,,,,
,,,,
,,,,
,,,,
,,,,
,,,,
,,,,
,,,,
,,,,
,,,,
,,,,
,,,,
,,,,
,,,,
,,,,
,,,,
,,,,
,,,,
,,,,
,,,,
,,,,
,,,,
,,,,
,,,,
,,,,
,,,,
,,,,
,,,,
,,,,
,,,,
,,,,
,,,,
,,,,
,,,,
,,,,
,,,,
,,,,
,,,,
,,,,
,,,,
,,,,
,,,,
,,,,
,,,,
,,,,
,,,,
,,,,
,,,,
,,,,
,,,,
,,,,
,,,,
,,,,
,,,,
,,,,
,,,,
,,,,
,,,,
,,,,
,,,,
,,,,
,,,,
,,,,
,,,,
,,,,
,,,,
,,,,
,,,,
,,,,
,,,,
,,,,
,,,,
,,,,
,,,,
,,,,
,,,,
,,,,
,,,,
,,,,
,,,,
,,,,
,,,,
,,,,
,,,,
,,,,
,,,,
,,,,
,,,,
,,,,
,,,,
,,,,
,,,,
,,,,
,,,,
,,,,
,,,,
,,,,
,,,,
,,,,
,,,,
,,,,
,,,,
,,,,
,,,,
,,,,
,,,,
,,,,
,,,,
,,,,
,,,,
,,,,
,,,,
,,,,
,,,,
,,,,
,,,,
,,,,
,,,,
,,,,
,,,,
,,,,
,,,,
,,,,
,,,,
,,,,
,,,,
,,,,
,,,,
,,,,
,,,,
,,,,
,,,,
,,,,
,,,,
,,,,
,,,,
,,,,
,,,,
,,,,
,,,,
,,,,
,,,,
,,,,
,,,,
,,,,
,,,,
,,,,
,,,,
,,,,
,,,,
,,,,
,,,,
,,,,
,,,,
,,,,
,,,,
,,,,
,,,,
,,,,
,,,,
,,,,
,,,,
,,,,
,,,,
,,,,
,,,,
,,,,
,,,,
,,,,
,,,,
,,,,
,,,,
,,,,
,,,,
,,,,
,,,,
,,,,
,,,,
,,,,
,,,,
,,,,
,,,,
,,,,
,,,,
,,,,
,,,,
,,,,
,,,,
,,,,
,,,,
,,,,
,,,,
,,,,
,,,,
,,,,
,,,,
,,,,
,,,,
,,,,
,,,,
,,,,
,,,,
,,,,
,,,,
,,,,
,,,,
,,,,
,,,,
,,,,
,,,,
,,,,
,,,,
,,,,
,,,,
,,,,
,,,,
,,,,
,,,,
,,,,
,,,,
,,,,
,,,,
,,,,
,,,,
,,,,
,,,,
,,,,
,,,,
,,,,
,,,,
,,,,
,,,,
,,,,
,,,,
,,,,
,,,,
,,,,
,,,,
,,,,
,,,,
,,,,
,,,,
,,,,
,,,,
,,,,
,,,,
,,,,
,,,,
,,,,
,,,,
,,,,
,,,,
,,,,
,,,,
,,,,
,,,,
,,,,
,,,,
,,,,
,,,,
,,,,
,,,,
,,,,
,,,,
,,,,
,,,,
,,,,
,,,,
,,,,
,,,,
,,,,
,,,,
,,,,
,,,,
,,,,
,,,,
,,,,
,,,,
,,,,
,,,,
,,,,
,,,,
,,,,
,,,,
,,,,
,,,,
,,,,
,,,,
,,,,
,,,,
,,,,
,,,,
,,,,
,,,,
,,,,
,,,,
,,,,
,,,,
,,,,
,,,,
,,,,
,,,,
,,,,
,,,,
,,,,
,,,,
,,,,
,,,,
,,,,
,,,,
,,,,
,,,,
,,,,
,,,,
,,,,
,,,,
,,,,
,,,,
,,,,
,,,,
,,,,
,,,,
,,,,
,,,,
,,,,
,,,,
,,,,
,,,,
,,,,
,,,,
,,,,
,,,,
,,,,
,,,,
,,,,
,,,,
,,,,
,,,,
,,,,
,,,,
,,,,
,,,,
,,,,
,,,,
,,,,
,,,,
,,,,
,,,,
,,,,
,,,,
,,,,
,,,,
,,,,
,,,,
,,,,
,,,,
,,,,
,,,,
,,,,
,,,,
,,,,
,,,,
,,,,
,,,,
,,,,
,,,,
,,,,
,,,,
,,,,
,,,,
,,,,
,,,,
,,,,
,,,,
,,,,
,,,,
,,,,
,,,,
,,,,
,,,,
,,,,
,,,,
,,,,
,,,,
,,,,
,,,,
,,,,
,,,,
,,,,
,,,,
,,,,
,,,,
,,,,
,,,,
,,,,
,,,,
,,,,
,,,,
,,,,
,,,,
,,,,
,,,,
,,,,
,,,,
,,,,
,,,,
,,,,
,,,,
,,,,
,,,,
,,,,
,,,,
,,,,
,,,,
,,,,
,,,,
,,,,
,,,,
,,,,
,,,,
,,,,
,,,,
,,,,
,,,,
,,,,
,,,,
,,,,
,,,,
,,,,
,,,,
,,,,
,,,,
,,,,
,,,,
,,,,
,,,,
,,,,
,,,,
,,,,
,,,,
,,,,
,,,,
,,,,
,,,,
,,,,
,,,,
,,,,
,,,,
,,,,
,,,,
,,,,
,,,,
,,,,
,,,,
,,,,
,,,,
,,,,
,,,,
,,,,
,,,,
,,,,
,,,,
,,,,
,,,,
,,,,
,,,,
,,,,
,,,,
,,,,
,,,,
,,,,
,,,,
,,,,
,,,,
,,,,
,,,,
,,,,
,,,,
,,,,
,,,,
,,,,
,,,,
,,,,
,,,,
,,,,
,,,,
,,,,
,,,,
,,,,
,,,,
,,,,
,,,,
,,,,
,,,,
,,,,
,,,,
,,,,
,,,,
,,,,
,,,,
,,,,
,,,,
,,,,
,,,,
,,,,
,,,,
,,,,
,,,,
,,,,
,,,,
,,,,
,,,,
,,,,
,,,,
,,,,
,,,,
,,,,
,,,,
,,,,
,,,,
,,,,
,,,,
,,,,
,,,,
,,,,
,,,,
,,,,
,,,,
,,,,
,,,,
,,,,
,,,,
,,,,
,,,,
,,,,
,,,,
,,,,
,,,,
,,,,
,,,,
,,,,
,,,,
,,,,
,,,,
,,,,
,,,,
,,,,
,,,,
,,,,
,,,,
,,,,
,,,,
,,,,
,,,,
,,,,
,,,,
,,,,
,,,,
,,,,
,,,,
,,,,
,,,,
,,,,
,,,,
,,,,
,,,,
,,,,
,,,,
,,,,
,,,,
,,,,
,,,,
,,,,
,,,,
,,,,
,,,,
,,,,
,,,,
,,,,
,,,,
,,,,
,,,,
,,,,
,,,,
,,,,
,,,,
,,,,
,,,,
,,,,
,,,,
,,,,
,,,,
,,,,
,,,,
,,,,
,,,,
,,,,
,,,,
,,,,
,,,,
,,,,
,,,,
,,,,
,,,,
,,,,
,,,,
,,,,
,,,,
,,,,
,,,,
,,,,
,,,,
,,,,
,,,,
,,,,
,,,,
,,,,
,,,,
,,,,
,,,,
,,,,
,,,,
,,,,
,,,,
,,,,
,,,,
,,,,
,,,,
,,,,
,,,,
,,,,
,,,,
,,,,
,,,,
,,,,
,,,,
,,,,
,,,,
,,,,
,,,,
,,,,
,,,,
,,,,
,,,,
,,,,
,,,,
,,,,
,,,,
,,,,
,,,,
,,,,
,,,,
,,,,
,,,,
,,,,
,,,,
,,,,
,,,,
,,,,
,,,,
,,,,
,,,,
,,,,
,,,,
,,,,
,,,,
,,,,
,,,,
,,,,
,,,,
,,,,
,,,,
,,,,
,,,,
,,,,
,,,,
,,,,
,,,,
,,,,
,,,,
,,,,
,,,,
,,,,
,,,,
,,,,
,,,,
,,,,
,,,,
,,,,
,,,,
,,,,
,,,,
,,,,
,,,,
,,,,
,,,,
,,,,
,,,,
,,,,
,,,,
,,,,
,,,,
,,,,
,,,,
,,,,
,,,,
,,,,
,,,,
,,,,
,,,,
,,,,
,,,,
,,,,
,,,,
,,,,
,,,,
,,,,
,,,,
,,,,
,,,,
,,,,
,,,,
,,,,
,,,,
,,,,
,,,,
,,,,
,,,,
,,,,
,,,,
,,,,
,,,,
,,,,
,,,,
,,,,
,,,,
,,,,
,,,,
,,,,
,,,,
,,,,
,,,,
,,,,
,,,,
,,,,
,,,,
,,,,
,,,,
,,,,
,,,,
,,,,
,,,,
,,,,
,,,,
,,,,
,,,,
,,,,
,,,,
,,,,
,,,,
,,,,
,,,,
,,,,
,,,,
,,,,
,,,,
,,,,
,,,,
,,,,
,,,,
,,,,
,,,,
,,,,
,,,,
,,,,
,,,,
,,,,
,,,,
,,,,
,,,,
,,,,
,,,,
,,,,
,,,,
,,,,
,,,,
,,,,
,,,,
,,,,
,,,,
,,,,
,,,,
,,,,
,,,,
,,,,
,,,,
,,,,
,,,,
,,,,
,,,,
,,,,
,,,,
,,,,
,,,,
,,,,
,,,,
,,,,
,,,,
,,,,
,,,,
,,,,
,,,,
,,,,
,,,,
,,,,
,,,,
,,,,
,,,,
,,,,
,,,,
,,,,
,,,,
,,,,
,,,,
,,,,
,,,,
,,,,
,,,,
,,,,
,,,,
,,,,
,,,,
,,,,
,,,,
,,,,
,,,,
,,,,
,,,,
,,,,
,,,,
,,,,
,,,,
,,,,
,,,,
,,,,
,,,,
,,,,
,,,,
,,,,
,,,,
,,,,
,,,,
,,,,
,,,,
,,,,
,,,,
,,,,
,,,,
,,,,
,,,,
,,,,
,,,,
,,,,
,,,,
,,,,
,,,,
,,,,
,,,,
,,,,
,,,,
,,,,
,,,,
,,,,
,,,,
,,,,
,,,,
,,,,
,,,,
,,,,
,,,,
,,,,
,,,,
,,,,
,,,,
,,,,
,,,,
,,,,
,,,,
,,,,
,,,,
,,,,
,,,,
,,,,
,,,,
,,,,
,,,,
,,,,
,,,,
,,,,
,,,,
,,,,
,,,,
,,,,
,,,,
,,,,
,,,,
,,,,
,,,,
,,,,
,,,,
,,,,
,,,,
,,,,
,,,,
,,,,
,,,,
,,,,
,,,,
,,,,
,,,,
,,,,
,,,,
,,,,
,,,,
,,,,
,,,,
,,,,
,,,,
,,,,
,,,,
,,,,
,,,,
,,,,
,,,,
,,,,
,,,,
,,,,
,,,,
,,,,
,,,,
,,,,
,,,,
,,,,
,,,,
,,,,
,,,,
,,,,
,,,,
,,,,
,,,,
,,,,
,,,,
,,,,
,,,,
,,,,
,,,,
,,,,
,,,,
,,,,
,,,,
,,,,
,,,,
,,,,
,,,,
,,,,
,,,,
,,,,
,,,,
,,,,
,,,,
,,,,
,,,,
,,,,
,,,,
,,,,
,,,,
,,,,
,,,,
,,,,
,,,,
,,,,
,,,,
,,,,
,,,,
,,,,
,,,,
,,,,
,,,,
,,,,
,,,,
,,,,
,,,,
,,,,
,,,,
,,,,
,,,,
,,,,
,,,,
,,,,
,,,,
,,,,
,,,,
,,,,
,,,,
,,,,
,,,,
,,,,
,,,,
,,,,
,,,,
,,,,
,,,,
,,,,
,,,,
,,,,
,,,,
,,,,
,,,,
,,,,
,,,,
,,,,
,,,,
,,,,
,,,,
,,,,
,,,,
,,,,
,,,,
,,,,
,,,,
,,,,
,,,,
,,,,
,,,,
,,,,
,,,,
,,,,
,,,,
,,,,
,,,,
,,,,
,,,,
,,,,
,,,,
,,,,
,,,,
,,,,
,,,,
,,,,
,,,,
,,,,
,,,,
,,,,
,,,,
,,,,
,,,,
,,,,
,,,,
,,,,
,,,,
,,,,
,,,,
,,,,
,,,,
,,,,
,,,,
,,,,
,,,,
,,,,
,,,,
,,,,
,,,,
,,,,
,,,,
,,,,
,,,,
,,,,
,,,,
,,,,
,,,,
,,,,
,,,,
,,,,
,,,,
,,,,
,,,,
,,,,
,,,,
,,,,
,,,,
,,,,
,,,,
,,,,
,,,,
,,,,
,,,,
,,,,
,,,,
,,,,
,,,,
,,,,
,,,,
,,,,
,,,,
,,,,
,,,,
,,,,
,,,,
,,,,
,,,,
,,,,
,,,,
,,,,
,,,,
,,,,
,,,,
,,,,
,,,,
,,,,
,,,,
,,,,
,,,,
,,,,
,,,,
,,,,
,,,,
,,,,
,,,,
,,,,
,,,,
,,,,
,,,,
,,,,
,,,,
,,,,
,,,,
,,,,
,,,,
,,,,
,,,,
,,,,
,,,,
,,,,
,,,,
,,,,
,,,,
,,,,
,,,,
,,,,
,,,,
,,,,
,,,,
,,,,
,,,,
,,,,
,,,,
,,,,
,,,,
,,,,
,,,,
,,,,
,,,,
,,,,
,,,,
,,,,
,,,,
,,,,
,,,,
,,,,
,,,,
,,,,
,,,,
,,,,
,,,,
,,,,
,,,,
,,,,
,,,,
,,,,
,,,,
,,,,
,,,,
,,,,
,,,,
,,,,
,,,,
,,,,
,,,,
,,,,
,,,,
,,,,
,,,,
,,,,
,,,,
,,,,
,,,,
,,,,
,,,,
,,,,
,,,,
,,,,
,,,,
,,,,
,,,,
,,,,
,,,,
,,,,
,,,,
,,,,
,,,,
,,,,
,,,,
,,,,
,,,,
,,,,
,,,,
,,,,
,,,,
,,,,
,,,,
,,,,
,,,,
,,,,
,,,,
,,,,
,,,,
,,,,
,,,,
,,,,
,,,,
,,,,
,,,,
,,,,
,,,,
,,,,
,,,,
,,,,
,,,,
,,,,
,,,,
,,,,
,,,,
,,,,
,,,,
,,,,
,,,,
,,,,
,,,,
,,,,
,,,,
,,,,
,,,,
,,,,
,,,,
,,,,
,,,,
,,,,
,,,,
,,,,
,,,,
,,,,
,,,,
,,,,
,,,,
,,,,
,,,,
,,,,
,,,,
,,,,
,,,,
,,,,
,,,,
,,,,
,,,,
,,,,
,,,,
,,,,
,,,,
,,,,
,,,,
,,,,
,,,,
,,,,
,,,,
,,,,
,,,,
,,,,
,,,,
,,,,
,,,,
,,,,
,,,,
,,,,
,,,,
,,,,
,,,,
,,,,
,,,,
,,,,
,,,,
,,,,
,,,,
,,,,
,,,,
,,,,
,,,,
,,,,
,,,,
,,,,
,,,,
,,,,
,,,,
,,,,
,,,,
,,,,
,,,,
,,,,
,,,,
,,,,
,,,,
,,,,
,,,,
,,,,
,,,,
,,,,
,,,,
,,,,
,,,,
,,,,
,,,,
,,,,
,,,,
,,,,
,,,,
,,,,
,,,,
,,,,
,,,,
,,,,
,,,,
,,,,
,,,,
,,,,
,,,,
,,,,
,,,,
,,,,
,,,,
,,,,
,,,,
,,,,
,,,,
,,,,
,,,,
,,,,
,,,,
,,,,
,,,,
,,,,
,,,,
,,,,
,,,,
,,,,
,,,,
,,,,
,,,,
,,,,
,,,,
,,,,
,,,,
,,,,
,,,,
,,,,
,,,,
,,,,
,,,,
,,,,
,,,,
,,,,
,,,,
,,,,
,,,,
,,,,
,,,,
,,,,
,,,,
,,,,
,,,,
,,,,
,,,,
,,,,
,,,,
,,,,
,,,,
,,,,
,,,,
,,,,
,,,,
,,,,
,,,,
,,,,
,,,,
,,,,
,,,,
,,,,
,,,,
,,,,
,,,,
,,,,
,,,,
,,,,
,,,,
,,,,
,,,,
,,,,
,,,,
,,,,
,,,,
,,,,
,,,,
,,,,
,,,,
,,,,
,,,,
,,,,
,,,,
,,,,
,,,,
,,,,
,,,,
,,,,
,,,,
,,,,
,,,,
,,,,
,,,,
,,,,
,,,,
,,,,
,,,,
,,,,
,,,,
,,,,
,,,,
,,,,
,,,,
,,,,
,,,,
,,,,
,,,,
,,,,
,,,,
,,,,
,,,,
,,,,
,,,,
,,,,
,,,,
,,,,
,,,,
,,,,
,,,,
,,,,
,,,,
,,,,
,,,,
,,,,
,,,,
,,,,
,,,,
,,,,
,,,,
,,,,
,,,,
,,,,
,,,,
,,,,
,,,,
,,,,
,,,,
,,,,
,,,,
,,,,
,,,,
,,,,
,,,,
,,,,
,,,,
,,,,
,,,,
,,,,
,,,,
,,,,
,,,,
,,,,
,,,,
,,,,
,,,,
,,,,
,,,,
,,,,
,,,,
,,,,
,,,,
,,,,
,,,,
,,,,
,,,,
,,,,
,,,,
,,,,
,,,,
,,,,
,,,,
,,,,
,,,,
,,,,
,,,,
,,,,
,,,,
,,,,
,,,,
,,,,
,,,,
,,,,
,,,,
,,,,
,,,,
,,,,
,,,,
,,,,
,,,,
,,,,
,,,,
,,,,
,,,,
,,,,
,,,,
,,,,
,,,,
,,,,
,,,,
,,,,
,,,,
,,,,
,,,,
,,,,
,,,,
,,,,
,,,,
,,,,
,,,,
,,,,
,,,,
,,,,
,,,,
,,,,
,,,,
,,,,
,,,,
,,,,
,,,,
,,,,
,,,,
,,,,
,,,,
,,,,
,,,,
,,,,
,,,,
,,,,
,,,,
,,,,
,,,,
,,,,
,,,,
,,,,
,,,,
,,,,
,,,,
,,,,
,,,,
,,,,
,,,,
,,,,
,,,,
,,,,
,,,,
,,,,
,,,,
,,,,
,,,,
,,,,
,,,,
,,,,
,,,,
,,,,
,,,,
,,,,
,,,,
,,,,
,,,,
,,,,
,,,,
,,,,
,,,,
,,,,
,,,,
,,,,
,,,,
,,,,
,,,,
,,,,
,,,,
,,,,
,,,,
,,,,
,,,,
,,,,
,,,,
,,,,
,,,,
,,,,
,,,,
,,,,
,,,,
,,,,
,,,,
,,,,
,,,,
,,,,
,,,,
,,,,
,,,,
,,,,
,,,,
,,,,
,,,,
,,,,
,,,,
,,,,
,,,,
,,,,
,,,,
,,,,
,,,,
,,,,
,,,,
,,,,
,,,,
,,,,
,,,,
,,,,
,,,,
,,,,
,,,,
,,,,
,,,,
,,,,
,,,,
,,,,
,,,,
,,,,
,,,,
,,,,
,,,,
,,,,
,,,,
,,,,
,,,,
,,,,
,,,,
,,,,
,,,,
,,,,
,,,,
,,,,
,,,,
,,,,
,,,,
,,,,
,,,,
,,,,
,,,,
,,,,
,,,,
,,,,
,,,,
,,,,
,,,,
,,,,
,,,,
,,,,
,,,,
,,,,
,,,,
,,,,
,,,,
,,,,
,,,,
,,,,
,,,,
,,,,
,,,,
,,,,
,,,,
,,,,
,,,,
,,,,
,,,,
,,,,
,,,,
,,,,
,,,,
,,,,
,,,,
,,,,
,,,,
,,,,
,,,,
,,,,
,,,,
,,,,
,,,,
,,,,
,,,,
,,,,
,,,,
,,,,
,,,,
,,,,
,,,,
,,,,
,,,,
,,,,
,,,,
,,,,
,,,,
,,,,
,,,,
,,,,
,,,,
,,,,
,,,,
,,,,
,,,,
,,,,
,,,,
,,,,
,,,,
,,,,
,,,,
,,,,
,,,,
,,,,
,,,,
,,,,
,,,,
,,,,
,,,,
,,,,
,,,,
,,,,
,,,,
,,,,
,,,,
,,,,
,,,,
,,,,
,,,,
,,,,
,,,,
,,,,
,,,,
,,,,
,,,,
,,,,
,,,,
,,,,
,,,,
,,,,
,,,,
,,,,
,,,,
,,,,
,,,,
,,,,
,,,,
,,,,
,,,,
,,,,
,,,,
,,,,
,,,,
,,,,
,,,,
,,,,
,,,,
,,,,
,,,,
,,,,
,,,,
,,,,
,,,,
,,,,
,,,,
,,,,
,,,,
,,,,
,,,,
,,,,
,,,,
,,,,
,,,,
,,,,
,,,,
,,,,
,,,,
,,,,
,,,,
,,,,
,,,,
,,,,
,,,,
,,,,
,,,,
,,,,
,,,,
,,,,
,,,,
,,,,
,,,,
,,,,
,,,,
,,,,
,,,,
,,,,
,,,,
,,,,
,,,,
,,,,
,,,,
,,,,
,,,,
,,,,
,,,,
,,,,
,,,,
,,,,
,,,,
,,,,
,,,,
,,,,
,,,,
,,,,
,,,,
,,,,
,,,,
,,,,
,,,,
,,,,
,,,,
,,,,
,,,,
,,,,
,,,,
,,,,
,,,,
,,,,
,,,,
,,,,
,,,,
,,,,
,,,,
,,,,
,,,,
,,,,
,,,,
,,,,
,,,,
,,,,
,,,,
,,,,
,,,,
,,,,
,,,,
,,,,
,,,,
,,,,
,,,,
,,,,
,,,,
,,,,
,,,,
,,,,
,,,,
,,,,
,,,,
,,,,
,,,,
,,,,
,,,,
,,,,
,,,,
,,,,
,,,,
,,,,
,,,,
,,,,
,,,,
,,,,
,,,,
,,,,
,,,,
,,,,
,,,,
,,,,
,,,,
,,,,
,,,,
,,,,
,,,,
,,,,
,,,,
,,,,
,,,,
,,,,
,,,,
,,,,
,,,,
,,,,
,,,,
,,,,
,,,,
,,,,
,,,,
,,,,
,,,,
,,,,
,,,,
,,,,
,,,,
,,,,
,,,,
,,,,
,,,,
,,,,
,,,,
,,,,
,,,,
,,,,
,,,,
,,,,
,,,,
,,,,
,,,,
,,,,
,,,,
,,,,
,,,,
,,,,
,,,,
,,,,
,,,,
,,,,
,,,,
,,,,
,,,,
,,,,
,,,,
,,,,
,,,,
,,,,
,,,,
,,,,
,,,,
,,,,
,,,,
,,,,
,,,,
,,,,
,,,,
,,,,
,,,,
,,,,
,,,,
,,,,
,,,,
,,,,
,,,,
,,,,
,,,,
,,,,
,,,,
,,,,
,,,,
,,,,
,,,,
,,,,
,,,,
,,,,
,,,,
,,,,
,,,,
,,,,
,,,,
,,,,
,,,,
,,,,
,,,,
,,,,
,,,,
,,,,
,,,,
,,,,
,,,,
,,,,
,,,,
,,,,
,,,,
,,,,
,,,,
,,,,
,,,,
,,,,
,,,,
,,,,
,,,,
,,,,
,,,,
,,,,
,,,,
,,,,
,,,,
,,,,
,,,,
,,,,
,,,,
,,,,
,,,,
,,,,
,,,,
,,,,
,,,,
,,,,
,,,,
,,,,
,,,,
,,,,
,,,,
,,,,
,,,,
,,,,
,,,,
,,,,
,,,,
,,,,
,,,,
,,,,
,,,,
,,,,
,,,,
,,,,
,,,,
,,,,
,,,,
,,,,
,,,,
,,,,
,,,,
,,,,
,,,,
,,,,
,,,,
,,,,
,,,,
,,,,
,,,,
,,,,
,,,,
,,,,
,,,,
,,,,
,,,,
,,,,
,,,,
,,,,
,,,,
,,,,
,,,,
,,,,
,,,,
,,,,
,,,,
,,,,
,,,,
,,,,
,,,,
,,,,
,,,,
,,,,
,,,,
,,,,
,,,,
,,,,
,,,,
,,,,
,,,,
,,,,
,,,,
,,,,
,,,,
,,,,
,,,,
,,,,
,,,,
,,,,
,,,,
,,,,
,,,,
,,,,
,,,,
,,,,
,,,,
,,,,
,,,,
,,,,
,,,,
,,,,
,,,,
,,,,
,,,,
,,,,
,,,,
,,,,
,,,,
,,,,
,,,,
,,,,
,,,,
,,,,
,,,,
,,,,
,,,,
,,,,
,,,,
,,,,
,,,,
,,,,
,,,,
,,,,
,,,,
,,,,
,,,,
,,,,
,,,,
,,,,
,,,,
,,,,
,,,,
,,,,
,,,,
,,,,
,,,,
,,,,
,,,,
,,,,
,,,,
,,,,
,,,,
,,,,
,,,,
,,,,
,,,,
,,,,
,,,,
,,,,
,,,,
,,,,
,,,,
,,,,
,,,,
,,,,
,,,,
,,,,
,,,,
,,,,
,,,,
,,,,
,,,,
,,,,
,,,,
,,,,
,,,,
,,,,
,,,,
,,,,
,,,,
,,,,
,,,,
,,,,
,,,,
,,,,
,,,,
,,,,
,,,,
,,,,
,,,,
,,,,
,,,,
,,,,
,,,,
,,,,
,,,,
,,,,
,,,,
,,,,
,,,,
,,,,
,,,,
,,,,
,,,,
,,,,
,,,,
,,,,
,,,,
,,,,
,,,,
,,,,
,,,,
,,,,
,,,,
,,,,
,,,,
,,,,
,,,,
,,,,
,,,,
,,,,
,,,,
,,,,
,,,,
,,,,
,,,,
,,,,
,,,,
,,,,
,,,,
,,,,
,,,,
,,,,
,,,,
,,,,
,,,,
,,,,
,,,,
,,,,
,,,,
,,,,
,,,,
,,,,
,,,,
,,,,
,,,,
,,,,
,,,,
,,,,
,,,,
,,,,
,,,,
,,,,
,,,,
,,,,
,,,,
,,,,
,,,,
,,,,
,,,,
,,,,
,,,,
,,,,
,,,,
,,,,
,,,,
,,,,
,,,,
,,,,
,,,,
,,,,
,,,,
,,,,
,,,,
,,,,
,,,,
,,,,
,,,,
,,,,
,,,,
,,,,
,,,,
,,,,
,,,,
,,,,
,,,,
,,,,
,,,,
,,,,
,,,,
,,,,
,,,,
,,,,
,,,,
,,,,
,,,,
,,,,
,,,,
,,,,
,,,,
,,,,
,,,,
,,,,
,,,,
,,,,
,,,,
,,,,
,,,,
,,,,
,,,,
,,,,
,,,,
,,,,
,,,,
,,,,
,,,,
,,,,
,,,,
,,,,
,,,,
,,,,
,,,,
,,,,
,,,,
,,,,
,,,,
,,,,
,,,,
,,,,
,,,,
,,,,
,,,,
,,,,
,,,,
,,,,
,,,,
,,,,
,,,,
,,,,
,,,,
,,,,
,,,,
,,,,
,,,,
,,,,
,,,,
,,,,
,,,,
,,,,
,,,,
,,,,
,,,,
,,,,
,,,,
,,,,
,,,,
,,,,
,,,,
,,,,
,,,,
,,,,
,,,,
,,,,
,,,,
,,,,
,,,,
,,,,
,,,,
,,,,
,,,,
,,,,
,,,,
,,,,
,,,,
,,,,
,,,,
,,,,
,,,,
,,,,
,,,,
,,,,
,,,,
,,,,
,,,,
,,,,
,,,,
,,,,
,,,,
,,,,
,,,,
,,,,
,,,,
,,,,
,,,,
,,,,
,,,,
,,,,
,,,,
,,,,
,,,,
,,,,
,,,,
,,,,
,,,,
,,,,
,,,,
,,,,
,,,,
,,,,
,,,,
,,,,
,,,,
,,,,
,,,,
,,,,
,,,,
,,,,
,,,,
,,,,
,,,,
,,,,
,,,,
,,,,
,,,,
,,,,
,,,,
,,,,
,,,,
,,,,
,,,,
,,,,
,,,,
,,,,
,,,,
,,,,
,,,,
,,,,
,,,,
,,,,
,,,,
,,,,
,,,,
,,,,
,,,,
,,,,
,,,,
,,,,
,,,,
,,,,
,,,,
,,,,
,,,,
,,,,
,,,,
,,,,
,,,,
,,,,
,,,,
,,,,
,,,,
,,,,
,,,,
,,,,
,,,,
,,,,
,,,,
,,,,
,,,,
,,,,
,,,,
,,,,
,,,,
,,,,
,,,,
,,,,
,,,,
,,,,
,,,,
,,,,
,,,,
,,,,
,,,,
,,,,
,,,,
,,,,
,,,,
,,,,
,,,,
,,,,
,,,,
,,,,
,,,,
,,,,
,,,,
,,,,
,,,,
,,,,
,,,,
,,,,
,,,,
,,,,
,,,,
,,,,
,,,,
,,,,
,,,,
,,,,
,,,,
,,,,
,,,,
,,,,
,,,,
,,,,
,,,,
,,,,
,,,,
,,,,
,,,,
,,,,
,,,,
,,,,
,,,,
,,,,
,,,,
,,,,
,,,,
,,,,
,,,,
,,,,
,,,,
,,,,
,,,,
,,,,
,,,,
,,,,
,,,,
,,,,
,,,,
,,,,
,,,,
,,,,
,,,,
,,,,
,,,,
,,,,
,,,,
,,,,
,,,,
,,,,
,,,,
,,,,
,,,,
,,,,
,,,,
,,,,
,,,,
,,,,
,,,,
,,,,
,,,,
,,,,
,,,,
,,,,
,,,,
,,,,
,,,,
,,,,
,,,,
,,,,
,,,,
,,,,
,,,,
,,,,
,,,,
,,,,
,,,,
,,,,
,,,,
,,,,
,,,,
,,,,
,,,,
,,,,
,,,,
,,,,
,,,,
,,,,
,,,,
,,,,
,,,,
,,,,
,,,,
,,,,
,,,,
,,,,
,,,,
,,,,
,,,,
,,,,
,,,,
,,,,
,,,,
,,,,
,,,,
,,,,
,,,,
,,,,
,,,,
,,,,
,,,,
,,,,
,,,,
,,,,
,,,,
,,,,
,,,,
,,,,
,,,,
,,,,
,,,,
,,,,
,,,,
,,,,
,,,,
,,,,
,,,,
,,,,
,,,,
,,,,
,,,,
,,,,
,,,,
,,,,
,,,,
,,,,
,,,,
,,,,
,,,,
,,,,
,,,,
,,,,
,,,,
,,,,
,,,,
,,,,
,,,,
,,,,
,,,,
,,,,
,,,,
,,,,
,,,,
,,,,
,,,,
,,,,
,,,,
,,,,
,,,,
,,,,
,,,,
,,,,
,,,,
,,,,
,,,,
,,,,
,,,,
,,,,
,,,,
,,,,
,,,,
,,,,
,,,,
,,,,
,,,,
,,,,
,,,,
,,,,
,,,,
,,,,
,,,,
,,,,
,,,,
,,,,
,,,,
,,,,
,,,,
,,,,
,,,,
,,,,
,,,,
,,,,
,,,,
,,,,
,,,,
,,,,
,,,,
,,,,
,,,,
,,,,
,,,,
,,,,
,,,,
,,,,
,,,,
,,,,
,,,,
,,,,
,,,,
,,,,
,,,,
,,,,
,,,,
,,,,
,,,,
,,,,
,,,,
,,,,
,,,,
,,,,
,,,,
,,,,
,,,,
,,,,
,,,,
,,,,
,,,,
,,,,
,,,,
,,,,
,,,,
,,,,
,,,,
,,,,
,,,,
,,,,
,,,,
,,,,
,,,,
,,,,
,,,,
,,,,
,,,,
,,,,
,,,,
,,,,
,,,,
,,,,
,,,,
,,,,
,,,,
,,,,
,,,,
,,,,
,,,,
,,,,
,,,,
,,,,
,,,,
,,,,
,,,,
,,,,
,,,,
,,,,
,,,,
,,,,
,,,,
,,,,
,,,,
,,,,
,,,,
,,,,
,,,,
,,,,
,,,,
,,,,
,,,,
,,,,
,,,,
,,,,
,,,,
,,,,
,,,,
,,,,
,,,,
,,,,
,,,,
,,,,
,,,,
,,,,
,,,,
,,,,
,,,,
,,,,
,,,,
,,,,
,,,,
,,,,
,,,,
,,,,
,,,,
,,,,
,,,,
,,,,
,,,,
,,,,
,,,,
,,,,
,,,,
,,,,
,,,,
,,,,
,,,,
,,,,
,,,,
,,,,
,,,,
,,,,
,,,,
,,,,
,,,,
,,,,
,,,,
,,,,
,,,,
,,,,
,,,,
,,,,
,,,,
,,,,
,,,,
,,,,
,,,,
,,,,
,,,,
,,,,
,,,,
,,,,
,,,,
,,,,
,,,,
,,,,
,,,,
,,,,
,,,,
,,,,
,,,,
,,,,
,,,,
,,,,
,,,,
,,,,
,,,,
,,,,
,,,,
,,,,
,,,,
,,,,
,,,,
,,,,
,,,,
,,,,
,,,,
,,,,
,,,,
,,,,
,,,,
,,,,
,,,,
,,,,
,,,,
,,,,
,,,,
,,,,
,,,,
,,,,
,,,,
,,,,
,,,,
,,,,
,,,,
,,,,
,,,,
,,,,
,,,,
,,,,
,,,,
,,,,
,,,,
,,,,
,,,,
,,,,
,,,,
,,,,
,,,,
,,,,
,,,,
,,,,
,,,,
,,,,
,,,,
,,,,
,,,,
,,,,
,,,,
,,,,
,,,,
,,,,
,,,,
,,,,
,,,,
,,,,
,,,,
,,,,
,,,,
,,,,
,,,,
,,,,
,,,,
,,,,
,,,,
,,,,
,,,,
,,,,
,,,,
,,,,
,,,,
,,,,
,,,,
,,,,
,,,,
,,,,
,,,,
,,,,
,,,,
,,,,
,,,,
,,,,
,,,,
,,,,
,,,,
,,,,
,,,,
,,,,
,,,,
,,,,
,,,,
,,,,
,,,,
,,,,
,,,,
,,,,
,,,,
,,,,
,,,,
,,,,
,,,,
,,,,
,,,,
,,,,
,,,,
,,,,
,,,,
,,,,
,,,,
,,,,
,,,,
,,,,
,,,,
,,,,
,,,,
,,,,
,,,,
,,,,
,,,,
,,,,
,,,,
,,,,
,,,,
,,,,
,,,,
,,,,
,,,,
,,,,
,,,,
,,,,
,,,,
,,,,
,,,,
,,,,
,,,,
,,,,
,,,,
,,,,
,,,,
,,,,
,,,,
,,,,
,,,,
,,,,
,,,,
,,,,
,,,,
,,,,
,,,,
,,,,
,,,,
,,,,
,,,,
,,,,
,,,,
,,,,
,,,,
,,,,
,,,,
,,,,
,,,,
,,,,
,,,,
,,,,
,,,,
,,,,
,,,,
,,,,
,,,,
,,,,
,,,,
,,,,
,,,,
,,,,
,,,,
,,,,
,,,,
,,,,
,,,,
,,,,
,,,,
,,,,
,,,,
,,,,
,,,,
,,,,
,,,,
,,,,
,,,,
,,,,
,,,,
,,,,
,,,,
,,,,
,,,,
,,,,
,,,,
,,,,
,,,,
,,,,
,,,,
,,,,
,,,,
,,,,
,,,,
,,,,
,,,,
,,,,
,,,,
,,,,
,,,,
,,,,
,,,,
,,,,
,,,,
,,,,
,,,,
,,,,
,,,,
,,,,
,,,,
,,,,
,,,,
,,,,
,,,,
,,,,
,,,,
,,,,
,,,,
,,,,
,,,,
,,,,
,,,,
,,,,
,,,,
,,,,
,,,,
,,,,
,,,,
,,,,
,,,,
,,,,
,,,,
,,,,
,,,,
,,,,
,,,,
,,,,
,,,,
,,,,
,,,,
,,,,
,,,,
,,,,
,,,,
,,,,
,,,,
,,,,
,,,,
,,,,
,,,,
,,,,
,,,,
,,,,
,,,,
,,,,
,,,,
,,,,
,,,,
,,,,
,,,,
,,,,
,,,,
,,,,
,,,,
,,,,
,,,,
,,,,
,,,,
,,,,
,,,,
,,,,
,,,,
,,,,
,,,,
,,,,
,,,,
,,,,
,,,,
,,,,
,,,,
,,,,
,,,,
,,,,
,,,,
,,,,
,,,,
,,,,
,,,,
,,,,
,,,,
,,,,
,,,,
,,,,
,,,,
,,,,
,,,,
,,,,
,,,,
,,,,
,,,,
,,,,
,,,,
,,,,
,,,,
,,,,
,,,,
,,,,
,,,,
,,,,
,,,,
,,,,
,,,,
,,,,
,,,,
,,,,
,,,,
,,,,
,,,,
,,,,
,,,,
,,,,
,,,,
,,,,
,,,,
,,,,
,,,,
,,,,
,,,,
,,,,
,,,,
,,,,
,,,,
,,,,
,,,,
,,,,
,,,,
,,,,
,,,,
,,,,
,,,,
,,,,
,,,,
,,,,
,,,,
,,,,
,,,,
,,,,
,,,,
,,,,
,,,,
,,,,
,,,,
,,,,
,,,,
,,,,
,,,,
,,,,
,,,,
,,,,
,,,,
,,,,
,,,,
,,,,
,,,,
,,,,
,,,,
,,,,
,,,,
