Year,County,Average premium (with wind),Policies (with wind),Average coverage,Companies,Average premium (no wind),Policies (no wind),Average FAIR premium,FAIR policies,Average TWIA premium,TWIA policies
2019,Zavala,1543,756,171000,65,,,991,30,,
2019,Zapata,1350,1196,185000,59,,,318,1,,
2019,Young,2271,3395,226000,84,,,1519,2,,
2019,Yoakum,2126,987,194000,55,,,0,0,,
2019,Wood,1860,9723,219000,108,,,3486,2,,
2019,Wise,2194,11511,241000,97,,,1386,2,,
2019,Winkler,1969,948,179000,52,,,2291,2,,
2019,Wilson,1605,7218,264000,107,,,919,3,,
2019,Williamson,1472,124597,304000,119,,,1248,28,,
2019,Willacy,2176,1013,166000,54,977,383,691,42,1682,324
2019,Wilbarger,1985,1402,162000,66,,,0,0,,
2019,Wichita,2118,24495,209000,101,,,2190,8,,
2019,Wheeler,2111,506,177000,57,,,0,0,,
2019,Wharton,2358,3777,218000,91,,,1957,27,,
2019,Webb,1328,30491,207000,105,,,1268,30,,
2019,Washington,1879,5138,283000,102,,,1340,14,,
2019,Ward,1814,1501,196000,69,,,0,0,,
2019,Waller,1870,5686,260000,105,,,1327,50,,
2019,Walker,1715,8001,230000,113,,,1746,21,,
2019,Victoria,2134,13009,226000,105,,,2307,40,,
2019,Van Zandt,1942,8620,214000,96,,,2847,6,,
2019,Val Verde,1462,6464,207000,86,,,946,4,,
2019,Uvalde,1668,3404,231000,92,,,1189,7,,
2019,Upton,1781,340,160000,45,,,0,0,,
2019,Upshur,1775,6348,200000,88,,,1618,3,,
2019,Tyler,1800,3074,160000,82,,,1276,13,,
2019,Trinity,1667,2094,178000,84,,,907,10,,
2019,Travis,1683,244435,362000,122,,,1099,176,,
2019,Tom Green,1853,20646,225000,97,,,1929,7,,
2019,Titus,1795,4270,205000,81,,,1219,1,,
2019,Throckmorton,2063,145,172000,32,,,0,0,,
2019,Terry,1949,1097,184000,65,,,0,0,,
2019,Terrell,1517,125,172000,36,,,668,1,,
2019,Taylor,1894,25707,231000,108,,,1939,8,,
2019,Tarrant,2131,402165,291000,117,,,1641,1138,,
2019,Swisher,1971,687,180000,52,,,0,0,,
2019,Sutton,1937,492,213000,46,,,0,0,,
2019,Stonewall,2056,163,177000,33,,,0,0,,
2019,Sterling,2047,85,236000,28,,,0,0,,
2019,Stephens,2128,1232,183000,61,,,0,0,,
2019,Starr,1362,3914,182000,70,,,1198,4,,
2019,Somervell,2153,1137,274000,76,,,1567,1,,
2019,Smith,1834,42248,266000,112,,,1534,34,,
2019,Sherman,2210,359,173000,44,,,0,0,,
2019,Shelby,1606,2849,182000,70,,,1188,3,,
2019,Shackelford,2256,552,239000,51,,,1662,1,,
2019,Scurry,2183,1998,200000,76,,,4070,3,,
2019,Schleicher,1668,205,158000,42,,,0,0,,
2019,San Saba,1548,527,189000,51,,,0,0,,
2019,San Patricio,2434,4798,200000,94,798,7151,574,139,1716,5948
2019,San Jacinto,1959,5549,204000,101,,,1696,41,,
2019,San Augustine,1662,1191,170000,60,,,1843,5,,
2019,Sabine,1756,2209,176000,74,,,1369,12,,
2019,Rusk,1750,7146,207000,99,,,1661,5,,
2019,Runnels,1849,1179,178000,68,,,6152,2,,
2019,Rockwall,2109,29273,350000,112,,,2225,19,,
2019,Robertson,1451,2001,175000,82,,,1292,4,,
2019,Roberts,5582,104,489000,31,,,0,0,,
2019,Refugio,2589,802,188000,55,1014,315,554,26,1639,307
2019,Reeves,1482,1064,159000,56,,,0,0,,
2019,Red River,1653,1682,159000,72,,,4255,1,,
2019,Real,1707,605,248000,56,,,687,4,,
2019,Reagan,2030,323,175000,51,,,0,0,,
2019,Randall,1924,35143,256000,106,,,2040,20,,
2019,Rains,1934,1973,213000,80,,,1306,1,,
2019,Presidio,1574,631,235000,49,,,2194,1,,
2019,Potter,1863,18657,206000,100,,,1628,14,,
2019,Polk,1899,8238,199000,102,,,1495,52,,
2019,Pecos,1779,1594,176000,65,,,1818,1,,
2019,Parmer,2113,862,195000,60,,,1406,1,,
2019,Parker,2281,29510,295000,108,,,2224,5,,
2019,Panola,1656,3904,203000,90,,,1207,2,,
2019,Palo Pinto,2707,5715,296000,89,,,2031,3,,
2019,Orange,2331,16077,203000,101,,,1891,238,,
2019,Oldham,1994,252,201000,39,,,0,0,,
2019,Ochiltree,2243,1223,210000,56,,,0,0,,
2019,Nueces,2507,21716,232000,100,833,35438,753,752,1632,36061
2019,Nolan,1966,2041,170000,66,,,0,0,,
2019,Newton,1844,1423,154000,64,,,1485,10,,
2019,Navarro,1787,6122,213000,102,,,1421,5,,
2019,Nacogdoches,1604,9281,224000,103,,,2471,3,,
2019,Motley,1986,129,156000,24,,,0,0,,
2019,Morris,1778,2022,171000,79,,,1716,1,,
2019,Moore,1908,2971,186000,70,,,1499,1,,
2019,Montgomery,1999,131770,343000,124,,,1311,435,,
2019,Montague,2196,3564,198000,82,,,3276,1,,
2019,Mitchell,1994,649,157000,58,,,1105,2,,
2019,Mills,1850,416,200000,46,,,0,0,,
2019,Milam,1532,2427,194000,93,,,1293,5,,
2019,Midland,2199,31733,308000,111,,,2460,13,,
2019,Menard,1604,158,192000,26,,,0,0,,
2019,Medina,1721,6492,243000,101,,,1179,9,,
2019,McMullen,1724,57,199000,19,,,0,0,,
2019,McLennan,1625,41187,232000,112,,,1660,20,,
2019,McCulloch,1850,960,170000,51,,,756,1,,
2019,Maverick,1294,5032,182000,85,,,1058,3,,
2019,Matagorda,2858,2241,202000,90,964,3824,805,233,1588,4149
2019,Mason,1617,481,249000,52,,,1067,1,,
2019,Martin,2127,663,206000,51,,,0,0,,
2019,Marion,1849,1937,186000,73,,,2378,1,,
2019,Madison,1701,1108,181000,70,,,1439,3,,
2019,Lynn,2132,795,223000,61,,,0,0,,
2019,Lubbock,2007,54030,246000,112,,,1285,4,,
2019,Llano,2146,8161,429000,103,,,1778,5,,
2019,Live Oak,1899,647,188000,60,,,2990,3,,
2019,Lipscomb,2191,352,186000,38,,,0,0,,
2019,Limestone,1606,2574,180000,90,,,1798,5,,
2019,Liberty,2160,11262,183000,101,,,1731,122,,
2019,Leon,1697,2625,195000,86,,,1520,10,,
2019,Lee,1693,1573,222000,88,,,1217,5,,
2019,Lavaca,1757,1164,207000,72,,,1218,10,,
2019,Lampasas,1563,4155,227000,88,,,1505,2,,
2019,Lamb,1917,1412,168000,66,,,0,0,,
2019,Lamar,1814,7849,203000,92,,,1667,1,,
2019,La Salle,1624,368,171000,54,,,0,0,,
2019,Knox,1981,487,145000,43,,,0,0,,
2019,Kleberg,2283,2626,196000,70,885,966,589,28,1511,783
2019,Kinney,1467,529,194000,53,,,2056,1,,
2019,King,2387,8,102000,7,,,0,0,,
2019,Kimble,1728,382,244000,43,,,866,1,,
2019,Kerr,1701,11378,303000,107,,,1705,7,,
2019,Kent,2052,76,163000,23,,,0,0,,
2019,Kenedy,3316,12,290000,11,2582,4,0,0,1959,15
2019,Kendall,1980,11260,459000,108,,,2239,6,,
2019,Kaufman,1755,28170,254000,111,,,1966,11,,
2019,Karnes,1725,1158,199000,76,,,2172,3,,
2019,Jones,1994,1779,169000,68,,,1001,1,,
2019,Johnson,1897,38294,239000,115,,,1668,62,,
2019,Jim Wells,1999,4639,187000,85,,,2077,20,,
2019,Jim Hogg,1585,376,180000,43,,,1052,9,,
2019,Jefferson,2778,14357,268000,103,931,27672,498,937,1569,24062
2019,Jeff Davis,1796,474,240000,46,,,1001,1,,
2019,Jasper,1971,6318,191000,98,,,1419,41,,
2019,Jackson,2213,1360,177000,65,,,2492,8,,
2019,Jack,2205,763,191000,59,,,0,0,,
2019,Irion,2271,189,207000,38,,,0,0,,
2019,Hutchinson,2056,3785,187000,78,,,3239,2,,
2019,Hunt,1959,13124,210000,103,,,2715,7,,
2019,Hudspeth,1383,122,112000,26,,,0,0,,
2019,Howard,2078,4457,196000,77,,,2362,4,,
2019,Houston,1592,3015,191000,89,,,1874,6,,
2019,Hopkins,1861,5071,215000,90,,,0,0,,
2019,Hood,2165,15155,290000,109,,,1736,13,,
2019,Hockley,2160,2900,201000,80,,,0,0,,
2019,Hill,1855,4410,195000,91,,,1797,7,,
2019,Hidalgo,1517,87016,197000,105,,,1218,85,,
2019,Henderson,1897,17688,258000,111,,,1409,13,,
2019,Hemphill,2576,549,249000,56,,,0,0,,
2019,Hays,1499,48789,309000,116,,,1245,20,,
2019,Haskell,2080,816,165000,50,,,0,0,,
2019,Hartley,2091,99,180000,30,,,0,0,,
2019,Harrison,1781,9154,211000,98,,,2228,4,,
2019,Harris,2406,696965,313000,123,990,2378,1952,18366,1396,3802
2019,Hardin,2123,11244,219000,100,,,1682,38,,
2019,Hardeman,2125,462,154000,44,,,0,0,,
2019,Hansford,2100,770,198000,51,,,0,0,,
2019,Hamilton,1844,932,199000,57,,,0,0,,
2019,Hall,1945,346,165000,47,,,0,0,,
2019,Hale,1968,4176,192000,76,,,4424,1,,
2019,Guadalupe,1418,32457,266000,116,,,1155,16,,
2019,Grimes,1767,3613,218000,96,,,2030,19,,
2019,Gregg,1771,29176,240000,113,,,1712,21,,
2019,Grayson,2041,27476,227000,109,,,1839,12,,
2019,Gray,2130,3067,204000,81,,,0,0,,
2019,Gonzales,1700,1637,213000,73,,,1346,11,,
2019,Goliad,2255,522,247000,54,,,2674,3,,
2019,Glasscock,2293,59,228000,22,,,0,0,,
2019,Gillespie,1856,5053,382000,93,,,2053,3,,
2019,Garza,2045,578,199000,57,,,0,0,,
2019,Galveston,2731,28242,306000,110,924,46312,634,3339,1960,55467
2019,Gaines,2058,2422,204000,71,,,0,0,,
2019,Frio,1461,1225,173000,70,,,1727,4,,
2019,Freestone,1766,2629,216000,86,,,2455,4,,
2019,Franklin,2354,2449,281000,84,,,0,0,,
2019,Fort Bend,2363,166881,342000,119,,,1971,1438,,
2019,Foard,2028,143,139000,30,,,2130,1,,
2019,Floyd,1945,563,178000,51,,,1542,1,,
2019,Fisher,2108,416,166000,42,,,2154,1,,
2019,Fayette,2009,2825,285000,99,,,1496,7,,
2019,Fannin,1915,5082,198000,89,,,2255,3,,
2019,Falls,1425,1388,158000,69,,,1873,3,,
2019,Erath,1928,4661,228000,85,,,1747,3,,
2019,Ellis,1838,41402,270000,115,,,1695,48,,
2019,El Paso,1091,149385,201000,109,,,740,880,,
2019,Edwards,1406,322,160000,39,,,1424,5,,
2019,Ector,1914,26507,226000,103,,,2251,39,,
2019,Eastland,1999,2558,203000,78,,,2610,1,,
2019,Duval,1660,870,172000,62,,,1332,21,,
2019,Donley,2014,490,168000,47,,,0,0,,
2019,Dimmit,1466,894,161000,62,,,912,2,,
2019,Dickens,1859,209,143000,37,,,0,0,,
2019,DeWitt,1735,2131,212000,82,,,1478,4,,
2019,Denton,2122,198843,357000,117,,,1848,93,,
2019,Delta,1713,749,166000,58,,,0,0,,
2019,Deaf Smith,2107,1940,188000,66,,,0,0,,
2019,Dawson,2095,1097,182000,60,,,0,0,,
2019,Dallas,2207,408092,329000,119,,,1723,1362,,
2019,Dallam,1988,1574,201000,68,,,0,0,,
2019,Culberson,1663,201,151000,39,,,0,0,,
2019,Crosby,1852,652,151000,58,,,0,0,,
2019,Crockett,1831,381,200000,47,,,0,0,,
2019,Crane,1870,602,185000,55,,,2853,1,,
2019,Cottle,2008,167,171000,30,,,0,0,,
2019,Coryell,1399,10677,203000,101,,,1112,1,,
2019,Cooke,2273,6201,245000,91,,,2182,1,,
2019,Concho,1801,260,168000,39,,,0,0,,
2019,Comanche,1871,1471,183000,61,,,0,0,,
2019,Comal,1522,47160,325000,118,,,1024,36,,
2019,Colorado,2001,2574,258000,89,,,1002,28,,
2019,Collingsworth,1976,356,148000,37,,,0,0,,
2019,Collin,2134,232970,379000,117,,,2006,73,,
2019,Coleman,1872,871,175000,53,,,0,0,,
2019,Coke,1778,287,159000,42,,,0,0,,
2019,Cochran,1867,214,138000,33,,,0,0,,
2019,Clay,2121,1172,171000,60,,,2523,2,,
2019,Childress,2058,986,172000,54,,,0,0,,
2019,Cherokee,1726,9167,227000,100,,,1527,11,,
2019,Chambers,2756,4292,269000,88,1054,4598,791,208,1878,3456
2019,Castro,2096,676,193000,57,,,0,0,,
2019,Cass,1810,4826,177000,89,,,2086,1,,
2019,Carson,2054,974,201000,53,,,0,0,,
2019,Camp,1877,2394,208000,82,,,2641,2,,
2019,Cameron,1765,30227,195000,101,762,12821,447,288,1181,10448
2019,Callahan,1943,1859,187000,76,,,2381,1,,
2019,Calhoun,3057,831,205000,79,842,2664,516,312,1803,3274
2019,Caldwell,1460,4477,199000,104,,,977,7,,
2019,Burnet,1858,9078,303000,110,,,1461,11,,
2019,Burleson,1414,2018,175000,86,,,1146,12,,
2019,Brown,1969,5403,196000,92,,,1644,1,,
2019,Brooks,2062,501,249000,42,,,2567,3,,
2019,Briscoe,1958,170,162000,31,,,0,0,,
2019,Brewster,1619,1658,223000,60,,,719,7,,
2019,Brazos,1564,29883,279000,116,,,1112,32,,
2019,Brazoria,2371,40702,273000,110,890,37963,576,1456,1759,30358
2019,Bowie,1820,16216,213000,99,,,1665,12,,
2019,Bosque,1960,3422,215000,90,,,1278,1,,
2019,Borden,1822,29,121000,9,,,0,0,,
2019,Blanco,1855,2102,341000,83,,,1026,5,,
2019,Bexar,1510,369093,264000,124,,,1176,460,,
2019,Bell,1439,63430,236000,112,,,1125,17,,
2019,Bee,1913,2044,183000,75,,,1931,3,,
2019,Baylor,1949,472,169000,48,,,0,0,,
2019,Bastrop,1524,13672,241000,114,,,1426,27,,
2019,Bandera,1656,4248,262000,95,,,1886,6,,
2019,Bailey,2085,634,186000,54,,,3201,2,,
2019,Austin,2000,4136,279000,101,,,1522,32,,
2019,Atascosa,1543,5530,202000,98,,,1314,12,,
2019,Armstrong,2245,332,225000,49,,,0,0,,
2019,Archer,2191,851,201000,46,,,0,0,,
2019,Aransas,3465,1302,282000,90,927,4715,566,144,2154,4460
2019,Angelina,1625,13959,208000,110,,,1286,12,,
2019,Andrews,2039,2363,229000,73,,,1971,6,,
2019,Anderson,1722,7150,202000,103,,,1414,13,,
2020,Zavala,1401,808,142000,65,,,963,27,,
2020,Zapata,1372,1250,189000,64,,,318,1,,
2020,Young,2247,3531,228000,86,,,2253,1,,
2020,Yoakum,2098,1005,204000,56,,,0,0,,
2020,Wood,1868,10192,224000,107,,,2188,3,,
2020,Wise,2226,12516,252000,103,,,1581,5,,
2020,Winkler,1983,982,189000,56,,,2579,2,,
2020,Wilson,1611,7673,270000,110,,,870,3,,
2020,Williamson,1494,132324,312000,125,,,1275,23,,
2020,Willacy,2103,1125,170000,54,940,360,737,36,1744,313
2020,Wilbarger,2041,1406,168000,69,,,0,0,,
2020,Wichita,2130,25430,214000,105,,,2519,6,,
2020,Wheeler,2165,535,179000,54,,,0,0,,
2020,Wharton,2357,4142,216000,97,,,1869,30,,
2020,Webb,1329,31946,213000,110,,,1102,26,,
2020,Washington,1961,5262,285000,106,,,1240,13,,
2020,Ward,1810,1577,209000,69,,,1321,1,,
2020,Waller,1788,6540,264000,111,,,1390,45,,
2020,Walker,1742,8558,236000,114,,,1782,19,,
2020,Victoria,2133,13635,229000,106,,,2404,43,,
2020,Van Zandt,1955,9207,221000,100,,,2917,4,,
2020,Val Verde,1479,6835,213000,90,,,1191,4,,
2020,Uvalde,1630,3529,221000,94,,,1147,11,,
2020,Upton,1856,358,168000,44,,,0,0,,
2020,Upshur,1779,6724,204000,90,,,1657,3,,
2020,Tyler,1794,3277,165000,84,,,1274,18,,
2020,Trinity,1625,2281,180000,90,,,978,12,,
2020,Travis,1680,256041,363000,128,,,1107,168,,
2020,Tom Green,1874,21832,230000,103,,,1749,5,,
2020,Titus,1795,4480,211000,84,,,1287,1,,
2020,Throckmorton,2027,150,174000,30,,,0,0,,
2020,Terry,1934,1172,190000,67,,,0,0,,
2020,Terrell,1528,127,178000,36,,,568,1,,
2020,Taylor,1951,26676,238000,115,,,2189,7,,
2020,Tarrant,2185,414862,299000,122,,,1695,973,,
2020,Swisher,1989,706,188000,59,,,0,0,,
2020,Sutton,1943,508,215000,45,,,0,0,,
2020,Stonewall,2025,186,195000,33,,,0,0,,
2020,Sterling,2219,87,251000,28,,,0,0,,
2020,Stephens,2031,1282,180000,63,,,0,0,,
2020,Starr,1341,4125,190000,73,,,1311,4,,
2020,Somervell,2128,1236,284000,79,,,1822,2,,
2020,Smith,1838,43731,268000,119,,,1515,29,,
2020,Sherman,2066,398,178000,45,,,0,0,,
2020,Shelby,1659,2940,184000,69,,,1125,4,,
2020,Shackelford,2292,558,239000,57,,,1662,1,,
2020,Scurry,2155,2089,203000,77,,,3220,5,,
2020,Schleicher,1616,230,161000,41,,,0,0,,
2020,San Saba,1530,569,194000,53,,,0,0,,
2020,San Patricio,2381,5643,210000,98,799,7097,588,130,1737,5694
2020,San Jacinto,1978,5911,207000,102,,,1984,38,,
2020,San Augustine,1688,1224,174000,62,,,1743,4,,
2020,Sabine,1767,2285,180000,79,,,1877,9,,
2020,Rusk,1747,7355,210000,104,,,1266,5,,
2020,Runnels,1895,1266,182000,72,,,6291,2,,
2020,Rockwall,2184,31393,356000,118,,,2500,14,,
2020,Robertson,1467,2098,180000,83,,,1274,6,,
2020,Roberts,2323,108,217000,27,,,0,0,,
2020,Refugio,2336,896,182000,57,999,330,569,21,1778,304
2020,Reeves,1518,1088,173000,57,,,0,0,,
2020,Red River,1689,1690,165000,76,,,5270,1,,
2020,Real,1732,659,249000,56,,,856,5,,
2020,Reagan,2068,340,179000,49,,,0,0,,
2020,Randall,1979,36273,262000,114,,,1879,13,,
2020,Rains,1931,2128,223000,79,,,0,0,,
2020,Presidio,1506,664,228000,49,,,1360,3,,
2020,Potter,1915,19399,210000,104,,,1478,15,,
2020,Polk,1923,8514,203000,106,,,1604,53,,
2020,Pecos,1779,1651,181000,66,,,2386,2,,
2020,Parmer,2092,923,196000,63,,,1528,1,,
2020,Parker,2309,31643,306000,113,,,2304,6,,
2020,Panola,1676,3980,205000,88,,,1668,2,,
2020,Palo Pinto,2686,5976,301000,96,,,2140,3,,
2020,Orange,2393,16780,208000,100,,,2017,242,,
2020,Oldham,2090,278,222000,41,,,0,0,,
2020,Ochiltree,2233,1296,213000,60,,,0,0,,
2020,Nueces,2413,25799,241000,105,827,33643,771,718,1644,34880
2020,Nolan,1978,2110,175000,71,,,0,0,,
2020,Newton,1861,1504,157000,68,,,1617,14,,
2020,Navarro,1780,6445,219000,104,,,1395,3,,
2020,Nacogdoches,1638,9628,229000,106,,,2343,5,,
2020,Motley,1842,150,160000,24,,,0,0,,
2020,Morris,1764,2130,176000,78,,,1797,2,,
2020,Moore,1945,3070,191000,72,,,1554,1,,
2020,Montgomery,2015,140455,343000,128,,,1353,433,,
2020,Montague,2240,3815,207000,78,,,0,0,,
2020,Mitchell,1942,695,163000,64,,,1547,3,,
2020,Mills,1862,455,211000,45,,,0,0,,
2020,Milam,1572,2557,200000,93,,,1151,6,,
2020,Midland,2210,32897,315000,116,,,2274,12,,
2020,Menard,1618,165,200000,29,,,0,0,,
2020,Medina,1718,6872,251000,99,,,1223,7,,
2020,McMullen,1634,67,195000,15,,,1070,1,,
2020,McLennan,1635,43178,238000,117,,,1661,18,,
2020,McCulloch,1829,994,178000,54,,,756,1,,
2020,Maverick,1306,5243,187000,88,,,1354,3,,
2020,Matagorda,2836,2519,206000,93,948,3804,732,238,1603,4123
2020,Mason,1656,512,259000,51,,,1067,1,,
2020,Martin,2126,714,211000,49,,,0,0,,
2020,Marion,1816,2041,190000,72,,,1962,2,,
2020,Madison,1696,1178,184000,70,,,1078,3,,
2020,Lynn,2129,859,233000,62,,,0,0,,
2020,Lubbock,2046,56406,254000,119,,,1625,5,,
2020,Loving,1500,4,129000,4,,,0,0,,
2020,Llano,2123,8508,417000,110,,,1861,6,,
2020,Live Oak,1842,693,184000,59,,,2039,2,,
2020,Lipscomb,2099,380,188000,39,,,0,0,,
2020,Limestone,1611,2735,183000,84,,,1853,5,,
2020,Liberty,2149,12617,186000,103,,,1651,119,,
2020,Leon,1706,2836,201000,90,,,1341,7,,
2020,Lee,1713,1685,232000,90,,,1247,5,,
2020,Lavaca,1790,1221,214000,73,,,1047,11,,
2020,Lampasas,1603,4433,236000,91,,,869,1,,
2020,Lamb,1904,1484,174000,65,,,0,0,,
2020,Lamar,1810,8256,212000,93,,,0,0,,
2020,La Salle,1455,375,165000,57,,,0,0,,
2020,Knox,1993,502,152000,41,,,0,0,,
2020,Kleberg,2178,2857,199000,75,886,940,631,26,1520,718
2020,Kinney,1527,560,200000,52,,,776,1,,
2020,King,2576,9,218000,6,,,0,0,,
2020,Kimble,1694,371,236000,42,,,866,1,,
2020,Kerr,1710,11693,309000,112,,,1437,8,,
2020,Kent,2082,84,164000,25,,,0,0,,
2020,Kenedy,2537,11,236000,9,2634,4,0,0,1889,17
2020,Kendall,1963,11692,455000,115,,,2349,2,,
2020,Kaufman,1749,31447,260000,116,,,2268,11,,
2020,Karnes,1750,1198,203000,75,,,3592,1,,
2020,Jones,2014,1879,174000,68,,,1602,2,,
2020,Johnson,1912,41475,248000,116,,,1726,54,,
2020,Jim Wells,1972,4888,189000,85,,,2034,22,,
2020,Jim Hogg,1625,397,186000,45,,,1233,9,,
2020,Jefferson,2791,15994,270000,112,975,26933,519,818,1578,23602
2020,Jeff Davis,1758,498,250000,45,,,1001,1,,
2020,Jasper,1989,6696,195000,100,,,1516,45,,
2020,Jackson,2263,1429,186000,75,,,2486,10,,
2020,Jack,2200,837,205000,65,,,0,0,,
2020,Irion,2197,196,211000,36,,,0,0,,
2020,Hutchinson,2071,3994,191000,82,,,3505,2,,
2020,Hunt,1959,13949,219000,106,,,2121,8,,
2020,Hudspeth,1436,139,120000,27,,,0,0,,
2020,Howard,2106,4506,203000,80,,,3040,3,,
2020,Houston,1601,3161,195000,89,,,2310,7,,
2020,Hopkins,1838,5383,223000,93,,,0,0,,
2020,Hood,2225,15927,300000,112,,,1764,9,,
2020,Hockley,2181,3004,207000,80,,,0,0,,
2020,Hill,1817,4850,198000,91,,,948,1,,
2020,Hidalgo,1501,91786,202000,109,,,1199,80,,
2020,Henderson,1905,18554,260000,116,,,1446,16,,
2020,Hemphill,2443,576,247000,59,,,0,0,,
2020,Hays,1499,52640,317000,125,,,1395,20,,
2020,Haskell,2099,826,170000,53,,,0,0,,
2020,Hartley,2054,113,180000,31,,,0,0,,
2020,Harrison,1782,9499,217000,104,,,2163,2,,
2020,Harris,2390,728707,310000,129,970,2527,2024,15818,1407,3773
2020,Hardin,2170,11711,225000,100,,,1763,41,,
2020,Hardeman,2125,491,160000,45,,,0,0,,
2020,Hansford,2076,843,204000,53,,,0,0,,
2020,Hamilton,1863,1009,208000,55,,,0,0,,
2020,Hall,1970,361,165000,49,,,0,0,,
2020,Hale,1999,4306,197000,79,,,4474,2,,
2020,Guadalupe,1438,34062,272000,122,,,1388,18,,
2020,Grimes,1783,3954,225000,100,,,2092,20,,
2020,Gregg,1758,30340,245000,115,,,1430,12,,
2020,Grayson,2056,29107,236000,115,,,2100,13,,
2020,Gray,2164,3177,194000,80,,,0,0,,
2020,Gonzales,1731,1701,211000,73,,,1465,8,,
2020,Goliad,2271,551,237000,55,,,3379,4,,
2020,Glasscock,2425,66,232000,21,,,0,0,,
2020,Gillespie,1910,5281,385000,96,,,1529,1,,
2020,Garza,2080,639,202000,60,,,0,0,,
2020,Galveston,2811,30930,312000,120,920,47241,636,3299,1976,56220
2020,Gaines,2033,2573,210000,72,,,0,0,,
2020,Frio,1475,1289,183000,73,,,1377,4,,
2020,Freestone,1773,2760,223000,89,,,2202,2,,
2020,Franklin,2353,2514,289000,82,,,0,0,,
2020,Fort Bend,2371,176869,348000,124,,,2013,1283,,
2020,Foard,2034,154,141000,30,,,0,0,,
2020,Floyd,2003,576,183000,52,,,1676,1,,
2020,Fisher,2067,443,175000,46,,,2323,1,,
2020,Fayette,2020,2918,282000,102,,,1364,9,,
2020,Fannin,1927,5437,208000,91,,,2542,3,,
2020,Falls,1468,1427,163000,71,,,1466,2,,
2020,Erath,1964,4920,235000,89,,,1672,3,,
2020,Ellis,1861,44443,281000,120,,,1846,36,,
2020,El Paso,1110,156087,206000,116,,,754,959,,
2020,Edwards,1466,346,167000,40,,,1533,5,,
2020,Ector,1927,27792,233000,108,,,2631,30,,
2020,Eastland,1910,2718,182000,77,,,2870,1,,
2020,Duval,1643,937,180000,66,,,1255,20,,
2020,Donley,1978,531,178000,47,,,0,0,,
2020,Dimmit,1415,928,163000,65,,,992,2,,
2020,Dickens,1820,234,143000,39,,,0,0,,
2020,DeWitt,1753,2179,207000,85,,,1317,5,,
2020,Denton,2230,208136,365000,122,,,1962,75,,
2020,Delta,1698,763,172000,62,,,0,0,,
2020,Deaf Smith,2015,2124,193000,69,,,699,1,,
2020,Dawson,2081,1155,190000,62,,,0,0,,
2020,Dallas,2257,413807,326000,124,,,1781,1160,,
2020,Dallam,1945,1645,210000,67,,,0,0,,
2020,Culberson,1777,211,188000,40,,,1287,1,,
2020,Crosby,1865,683,156000,60,,,0,0,,
2020,Crockett,1828,389,210000,49,,,0,0,,
2020,Crane,1900,611,189000,54,,,2963,1,,
2020,Cottle,1960,178,178000,33,,,0,0,,
2020,Coryell,1435,11327,211000,105,,,1002,1,,
2020,Cooke,2285,6536,252000,97,,,2386,1,,
2020,Concho,1783,291,175000,40,,,0,0,,
2020,Comanche,1871,1535,190000,66,,,0,0,,
2020,Comal,1509,51504,330000,124,,,1043,29,,
2020,Colorado,2042,2595,256000,95,,,1129,34,,
2020,Collingsworth,1930,381,159000,36,,,0,0,,
2020,Collin,2253,243141,388000,121,,,2113,49,,
2020,Coleman,1873,912,180000,53,,,0,0,,
2020,Coke,1706,324,158000,45,,,0,0,,
2020,Cochran,1837,228,146000,35,,,0,0,,
2020,Clay,2097,1224,175000,61,,,2911,2,,
2020,Childress,2073,1021,177000,56,,,0,0,,
2020,Cherokee,1733,9560,230000,101,,,1481,12,,
2020,Chambers,2679,5040,276000,93,1073,4439,828,203,1925,3367
2020,Castro,2066,706,202000,55,,,0,0,,
2020,Cass,1810,4960,183000,85,,,3685,2,,
2020,Carson,2144,1019,206000,60,,,0,0,,
2020,Camp,1915,2514,217000,80,,,3350,1,,
2020,Cameron,1694,33467,200000,107,773,11626,457,259,1219,9364
2020,Callahan,1947,1978,197000,80,,,0,0,,
2020,Calhoun,3083,911,211000,84,832,2701,527,311,1816,3291
2020,Caldwell,1478,4800,204000,107,,,945,6,,
2020,Burnet,1849,9488,303000,115,,,1638,9,,
2020,Burleson,1445,2198,177000,88,,,1325,13,,
2020,Brown,2001,5554,203000,95,,,3026,3,,
2020,Brooks,2089,521,230000,45,,,2118,6,,
2020,Briscoe,1856,201,161000,36,,,0,0,,
2020,Brewster,1568,1716,228000,63,,,793,6,,
2020,Brazos,1599,31396,285000,122,,,1164,40,,
2020,Brazoria,2385,46109,281000,116,905,36432,597,1421,1766,28521
2020,Bowie,1821,16528,219000,103,,,1744,12,,
2020,Bosque,1945,3590,219000,89,,,1636,2,,
2020,Borden,1789,28,114000,9,,,0,0,,
2020,Blanco,1832,2275,334000,82,,,1074,5,,
2020,Bexar,1520,385534,267000,129,,,1255,421,,
2020,Bell,1469,67638,244000,119,,,1103,19,,
2020,Bee,1889,2182,183000,76,,,2123,5,,
2020,Baylor,1985,499,173000,45,,,0,0,,
2020,Bastrop,1512,14988,245000,117,,,1217,20,,
2020,Bandera,1677,4488,265000,94,,,1941,5,,
2020,Bailey,2040,683,191000,56,,,1675,1,,
2020,Austin,1996,4331,274000,108,,,1354,29,,
2020,Atascosa,1541,5931,202000,101,,,1363,12,,
2020,Armstrong,2331,354,227000,48,,,0,0,,
2020,Archer,2189,904,207000,45,,,0,0,,
2020,Aransas,3300,1550,266000,92,859,4832,518,153,2156,4561
2020,Angelina,1646,14317,212000,111,,,1467,11,,
2020,Andrews,2055,2470,236000,77,,,2129,7,,
2020,Anderson,1725,7476,208000,104,,,1302,10,,
2021,Zavala,1514,816,150000,59,,,939,27,,
2021,Zapata,1447,1267,203000,63,,,755,2,,
2021,Young,2419,3661,247000,85,,,2091,2,,
2021,Yoakum,2231,1013,219000,53,,,0,0,,
2021,Wood,1952,10762,242000,105,,,2663,2,,
2021,Wise,2373,13379,273000,107,,,1755,5,,
2021,Winkler,2105,976,200000,54,,,2822,2,,
2021,Wilson,1748,8076,295000,113,,,1259,5,,
2021,Williamson,1590,138561,340000,125,,,1358,27,,
2021,Willacy,2144,1222,184000,52,981,320,719,36,1824,296
2021,Wilbarger,2146,1453,182000,66,,,1601,1,,
2021,Wichita,2244,26215,235000,103,,,2456,12,,
2021,Wheeler,2321,548,192000,57,,,0,0,,
2021,Wharton,2498,4453,235000,94,,,2189,33,,
2021,Webb,1400,33373,229000,112,,,1284,24,,
2021,Washington,2167,5446,317000,106,,,1330,14,,
2021,Ward,1904,1592,225000,68,,,1086,1,,
2021,Waller,1856,7386,286000,111,,,1469,51,,
2021,Walker,1832,9063,257000,112,,,2114,19,,
2021,Victoria,2280,14019,246000,106,,,2545,44,,
2021,Van Zandt,2046,9742,239000,95,,,5103,1,,
2021,Val Verde,1532,7172,231000,92,,,1550,7,,
2021,Uvalde,1766,3659,257000,94,,,1485,11,,
2021,Upton,1965,378,182000,44,,,0,0,,
2021,Upshur,1855,7002,221000,88,,,2640,2,,
2021,Tyler,1884,3416,178000,82,,,1786,11,,
2021,Trinity,1731,2405,198000,92,,,1380,12,,
2021,Travis,1820,267216,402000,124,,,1154,145,,
2021,Tom Green,1974,22673,248000,105,,,1785,7,,
2021,Titus,1859,4671,227000,82,,,1411,1,,
2021,Throckmorton,2173,162,203000,35,,,2527,1,,
2021,Terry,2047,1218,202000,66,,,0,0,,
2021,Terrell,1605,134,190000,33,,,624,1,,
2021,Taylor,2097,27477,262000,112,,,3128,4,,
2021,Tarrant,2337,423219,325000,118,,,1787,829,,
2021,Swisher,2119,707,199000,59,,,0,0,,
2021,Sutton,2004,515,232000,48,,,0,0,,
2021,Stonewall,2193,188,195000,34,,,0,0,,
2021,Sterling,2231,103,259000,30,,,0,0,,
2021,Stephens,2191,1392,184000,62,,,0,0,,
2021,Starr,1436,4303,206000,74,,,1454,5,,
2021,Somervell,2371,1303,316000,75,,,1885,1,,
2021,Smith,1934,45552,290000,115,,,1601,20,,
2021,Sherman,2126,402,188000,43,,,0,0,,
2021,Shelby,1747,3022,202000,70,,,1392,5,,
2021,Shackelford,2475,568,261000,57,,,3247,1,,
2021,Scurry,2305,2155,223000,79,,,2909,9,,
2021,Schleicher,1753,239,177000,41,,,0,0,,
2021,San Saba,1691,616,219000,54,,,1587,1,,
2021,San Patricio,2494,6073,223000,94,817,7152,629,136,1774,5882
2021,San Jacinto,2032,6301,224000,103,,,1967,35,,
2021,San Augustine,1767,1263,191000,61,,,1959,3,,
2021,Sabine,1855,2371,193000,75,,,2374,7,,
2021,Rusk,1854,7517,226000,101,,,1384,5,,
2021,Runnels,2004,1336,195000,70,,,6902,2,,
2021,Rockwall,2346,33600,380000,116,,,2474,9,,
2021,Robertson,1588,2205,201000,86,,,1765,5,,
2021,Roberts,2359,119,229000,25,,,0,0,,
2021,Refugio,2623,934,192000,54,996,329,650,22,1866,286
2021,Reeves,1574,1119,188000,51,,,0,0,,
2021,Red River,1759,1707,178000,70,,,5768,1,,
2021,Real,1860,690,268000,58,,,1217,5,,
2021,Reagan,2204,342,195000,48,,,0,0,,
2021,Randall,2110,37309,283000,108,,,1886,12,,
2021,Rains,2027,2224,241000,77,,,0,0,,
2021,Presidio,1672,693,271000,46,,,1789,3,,
2021,Potter,2042,19868,226000,104,,,1706,8,,
2021,Polk,2008,8950,221000,108,,,1653,38,,
2021,Pecos,1856,1705,194000,63,,,2626,2,,
2021,Parmer,2150,959,211000,61,,,0,0,,
2021,Parker,2457,33276,332000,112,,,2206,3,,
2021,Panola,1789,4053,222000,87,,,1436,5,,
2021,Palo Pinto,2836,6235,328000,96,,,2773,2,,
2021,Orange,2564,17759,220000,103,,,2224,227,,
2021,Oldham,2159,300,242000,44,,,0,0,,
2021,Ochiltree,2364,1324,226000,60,,,0,0,,
2021,Nueces,2524,28458,264000,108,838,32756,839,692,1691,35466
2021,Nolan,2076,2195,188000,73,,,0,0,,
2021,Newton,1963,1554,170000,64,,,1796,12,,
2021,Navarro,1905,6717,238000,100,,,1521,3,,
2021,Nacogdoches,1758,9754,249000,103,,,2038,4,,
2021,Motley,2001,150,172000,26,,,0,0,,
2021,Morris,1840,2207,189000,79,,,1966,2,,
2021,Moore,2086,3102,204000,71,,,1353,1,,
2021,Montgomery,2124,149046,368000,129,,,1469,427,,
2021,Montague,2393,4004,227000,78,,,3852,1,,
2021,Mitchell,2050,743,179000,66,,,2305,3,,
2021,Mills,2032,480,231000,46,,,0,0,,
2021,Milam,1707,2713,218000,92,,,1284,6,,
2021,Midland,2363,33806,336000,114,,,2520,11,,
2021,Menard,1748,175,215000,32,,,0,0,,
2021,Medina,1853,7245,278000,101,,,1803,8,,
2021,McMullen,1782,79,232000,17,,,0,0,,
2021,McLennan,1739,44884,261000,116,,,2306,15,,
2021,McCulloch,1955,1030,194000,56,,,0,0,,
2021,Maverick,1343,5582,200000,86,,,1725,5,,
2021,Matagorda,3045,2547,222000,92,959,4046,743,234,1646,4350
2021,Mason,1865,541,280000,49,,,1156,1,,
2021,Martin,2278,740,226000,50,,,0,0,,
2021,Marion,1865,2124,204000,71,,,2147,2,,
2021,Madison,1784,1268,202000,73,,,1189,2,,
2021,Lynn,2295,901,252000,66,,,0,0,,
2021,Lubbock,2154,58305,272000,118,,,1704,4,,
2021,Loving,1576,5,138000,3,,,0,0,,
2021,Llano,2361,9020,468000,108,,,1745,4,,
2021,Live Oak,1970,732,205000,63,,,2016,2,,
2021,Lipscomb,2173,380,197000,45,,,0,0,,
2021,Limestone,1707,2880,201000,84,,,2024,5,,
2021,Liberty,2220,13775,200000,108,,,1812,113,,
2021,Leon,1805,3044,219000,89,,,959,5,,
2021,Lee,1819,1773,251000,89,,,1457,7,,
2021,Lavaca,1922,1291,234000,75,,,1121,10,,
2021,Lampasas,1757,4630,262000,95,,,0,0,,
2021,Lamb,1998,1506,185000,67,,,0,0,,
2021,Lamar,1900,8555,228000,92,,,0,0,,
2021,La Salle,1704,403,177000,54,,,450,1,,
2021,Knox,2086,514,166000,44,,,0,0,,
2021,Kleberg,2226,3020,215000,73,879,881,677,26,1509,681
2021,Kinney,1605,577,221000,54,,,402,1,,
2021,King,2382,11,214000,6,,,0,0,,
2021,Kimble,1907,393,266000,45,,,0,0,,
2021,Kerr,1891,12087,339000,110,,,1757,7,,
2021,Kent,2183,87,170000,26,,,0,0,,
2021,Kenedy,2972,14,326000,10,2833,4,0,0,1313,16
2021,Kendall,2197,12429,515000,116,,,2838,2,,
2021,Kaufman,1824,35288,278000,114,,,2364,7,,
2021,Karnes,1838,1224,218000,72,,,2864,2,,
2021,Jones,2113,1952,191000,69,,,1720,3,,
2021,Johnson,2032,43495,270000,113,,,1820,51,,
2021,Jim Wells,2068,5008,202000,88,,,2067,22,,
2021,Jim Hogg,1750,405,198000,47,,,1288,10,,
2021,Jefferson,3009,16997,286000,109,1014,26469,567,780,1619,23757
2021,Jeff Davis,1889,522,267000,47,,,1240,1,,
2021,Jasper,2094,6906,209000,97,,,1635,34,,
2021,Jackson,2420,1498,199000,75,,,2340,14,,
2021,Jack,2404,907,226000,65,,,0,0,,
2021,Irion,2398,192,230000,38,,,0,0,,
2021,Hutchinson,2195,4077,207000,82,,,4575,2,,
2021,Hunt,2023,15154,236000,103,,,2229,8,,
2021,Hudspeth,1488,132,129000,29,,,0,0,,
2021,Howard,2224,4630,219000,82,,,2960,3,,
2021,Houston,1692,3275,209000,91,,,2524,6,,
2021,Hopkins,1939,5610,238000,86,,,0,0,,
2021,Hood,2376,16386,322000,109,,,1822,7,,
2021,Hockley,2280,3082,223000,81,,,0,0,,
2021,Hill,1949,5187,218000,93,,,947,2,,
2021,Hidalgo,1613,94164,218000,110,,,1380,71,,
2021,Henderson,2058,19527,285000,112,,,1920,11,,
2021,Hemphill,2550,593,264000,57,,,0,0,,
2021,Hays,1607,56039,347000,125,,,1502,21,,
2021,Haskell,2180,838,182000,50,,,0,0,,
2021,Hartley,2123,111,199000,28,,,0,0,,
2021,Harrison,1881,9845,234000,105,,,1529,1,,
2021,Harris,2556,764926,336000,128,977,2756,2155,14043,1427,3916
2021,Hardin,2322,12066,242000,104,,,2063,42,,
2021,Hardeman,2210,493,168000,46,,,0,0,,
2021,Hansford,2219,829,211000,55,,,0,0,,
2021,Hamilton,1992,1081,230000,61,,,0,0,,
2021,Hall,2135,358,181000,53,,,0,0,,
2021,Hale,2135,4370,210000,82,,,4498,1,,
2021,Guadalupe,1550,35630,299000,119,,,1607,14,,
2021,Grimes,1893,4255,246000,96,,,2311,16,,
2021,Gregg,1856,30711,265000,113,,,1680,7,,
2021,Grayson,2167,30667,259000,114,,,2248,13,,
2021,Gray,2156,3345,210000,79,,,0,0,,
2021,Gonzales,1832,1832,230000,77,,,1633,5,,
2021,Goliad,2393,584,255000,61,,,2113,4,,
2021,Glasscock,2307,73,255000,19,,,0,0,,
2021,Gillespie,2147,5645,439000,101,,,1338,1,,
2021,Garza,2229,643,218000,51,,,0,0,,
2021,Galveston,3155,30529,334000,117,936,50494,672,3155,2023,60463
2021,Gaines,2136,2688,229000,68,,,1428,1,,
2021,Frio,1560,1375,186000,76,,,788,2,,
2021,Freestone,1884,2934,244000,83,,,3649,1,,
2021,Franklin,2542,2622,313000,80,,,0,0,,
2021,Fort Bend,2547,186584,371000,123,,,2126,1152,,
2021,Foard,2170,158,155000,31,,,0,0,,
2021,Floyd,2130,581,189000,53,,,0,0,,
2021,Fisher,2203,439,188000,43,,,2542,1,,
2021,Fayette,2241,3079,316000,100,,,1303,10,,
2021,Fannin,2052,5755,227000,91,,,3477,4,,
2021,Falls,1569,1489,178000,72,,,1760,2,,
2021,Erath,2116,5161,261000,91,,,1934,2,,
2021,Ellis,1976,47092,305000,116,,,1857,38,,
2021,El Paso,1180,161319,226000,116,,,811,971,,
2021,Edwards,1552,355,175000,37,,,1831,3,,
2021,Ector,2038,28863,249000,110,,,2380,25,,
2021,Eastland,2102,2837,222000,76,,,0,0,,
2021,Duval,1779,974,190000,66,,,1373,18,,
2021,Donley,2101,546,185000,52,,,0,0,,
2021,Dimmit,1523,974,177000,63,,,1269,3,,
2021,Dickens,1875,247,151000,41,,,0,0,,
2021,DeWitt,1873,2236,226000,83,,,1054,8,,
2021,Denton,2439,215196,394000,118,,,2223,70,,
2021,Delta,1847,778,190000,59,,,0,0,,
2021,Deaf Smith,2093,2233,203000,70,,,0,0,,
2021,Dawson,2212,1206,208000,66,,,2642,1,,
2021,Dallas,2485,421802,361000,120,,,1906,991,,
2021,Dallam,2053,1659,221000,68,,,0,0,,
2021,Culberson,1885,225,194000,40,,,1305,2,,
2021,Crosby,1974,689,167000,57,,,0,0,,
2021,Crockett,1874,395,217000,45,,,0,0,,
2021,Crane,2041,625,202000,50,,,3241,1,,
2021,Cottle,2107,180,186000,35,,,0,0,,
2021,Coryell,1556,11909,234000,105,,,1084,1,,
2021,Cooke,2476,6729,276000,94,,,3803,1,,
2021,Concho,1897,304,188000,38,,,0,0,,
2021,Comanche,2011,1566,213000,65,,,0,0,,
2021,Comal,1636,55369,363000,121,,,1153,25,,
2021,Colorado,2219,2700,287000,89,,,1120,31,,
2021,Collingsworth,1973,367,168000,34,,,0,0,,
2021,Collin,2473,249891,418000,120,,,2190,39,,
2021,Coleman,2024,924,194000,54,,,0,0,,
2021,Coke,1856,344,171000,44,,,0,0,,
2021,Cochran,1892,236,153000,35,,,0,0,,
2021,Clay,2222,1245,193000,65,,,3187,2,,
2021,Childress,2203,1021,190000,56,,,3857,1,,
2021,Cherokee,1834,9927,252000,102,,,1582,12,,
2021,Chambers,2799,5587,296000,94,1104,4401,890,214,1991,3607
2021,Castro,2153,724,219000,57,,,0,0,,
2021,Cass,1877,5139,196000,88,,,4008,1,,
2021,Carson,2286,1024,223000,60,,,0,0,,
2021,Camp,1979,2656,235000,79,,,3349,1,,
2021,Cameron,1753,36259,214000,105,782,10871,508,248,1263,8981
2021,Callahan,2057,2058,213000,79,,,0,0,,
2021,Calhoun,3400,956,227000,82,815,2799,581,290,1872,3433
2021,Caldwell,1545,5153,222000,109,,,1255,3,,
2021,Burnet,1994,10130,341000,117,,,1210,5,,
2021,Burleson,1541,2396,197000,88,,,1342,17,,
2021,Brown,2120,5745,222000,94,,,2690,2,,
2021,Brooks,2007,526,194000,46,,,2130,5,,
2021,Briscoe,1915,205,173000,42,,,0,0,,
2021,Brewster,1699,1788,249000,60,,,856,5,,
2021,Brazos,1711,33244,311000,120,,,1430,38,,
2021,Brazoria,2565,48866,300000,115,932,37483,644,1400,1815,29947
2021,Bowie,1926,16744,237000,102,,,1821,6,,
2021,Bosque,2075,3730,240000,87,,,1191,1,,
2021,Borden,1862,30,125000,9,,,0,0,,
2021,Blanco,2011,2434,380000,79,,,1119,4,,
2021,Bexar,1631,400751,294000,127,,,1401,364,,
2021,Bell,1579,71745,268000,117,,,1306,17,,
2021,Bee,1999,2209,198000,80,,,1581,3,,
2021,Baylor,2035,532,182000,46,,,0,0,,
2021,Bastrop,1589,16395,265000,121,,,1275,19,,
2021,Bandera,1791,4718,288000,95,,,2331,4,,
2021,Bailey,2153,700,205000,54,,,1829,1,,
2021,Austin,2156,4568,302000,110,,,1459,33,,
2021,Atascosa,1633,6237,218000,104,,,1333,11,,
2021,Armstrong,2452,369,238000,46,,,0,0,,
2021,Archer,2278,964,220000,48,,,0,0,,
2021,Aransas,3493,1705,290000,90,915,4916,549,135,2187,4901
2021,Angelina,1743,14611,228000,107,,,1646,11,,
2021,Andrews,2173,2579,253000,81,,,2212,6,,
2021,Anderson,1804,7860,226000,100,,,1709,6,,
2022,Zavala,1671,814,171000,58,,,1064,27,,
2022,Zapata,1575,1298,222000,66,,,1067,2,,
2022,Young,2691,3732,279000,83,,,1062,2,,
2022,Yoakum,2422,987,244000,54,,,0,0,,
2022,Wood,2173,11159,271000,104,,,3022,1,,
2022,Wise,2647,13865,309000,104,,,1808,4,,
2022,Winkler,2243,994,222000,55,,,3086,2,,
2022,Wilson,1930,8452,330000,110,,,1840,7,,
2022,Williamson,1786,144399,382000,127,,,1583,24,,
2022,Willacy,2249,1248,199000,56,958,334,720,30,2173,305
2022,Wilbarger,2331,1532,199000,57,,,2030,1,,
2022,Wichita,2426,26719,262000,101,,,3701,5,,
2022,Wheeler,2531,561,219000,57,,,0,0,,
2022,Wharton,2713,4546,255000,94,,,2379,33,,
2022,Webb,1547,34167,253000,110,,,1359,23,,
2022,Washington,2401,5576,346000,107,,,1295,18,,
2022,Ward,2072,1609,245000,63,,,1191,1,,
2022,Waller,2055,8000,321000,112,,,1582,68,,
2022,Walker,2003,9600,285000,114,,,1820,21,,
2022,Victoria,2471,14195,271000,108,,,2345,33,,
2022,Van Zandt,2290,10115,271000,99,,,4364,2,,
2022,Val Verde,1664,7408,258000,90,,,1824,8,,
2022,Uvalde,1909,3661,276000,92,,,1577,12,,
2022,Upton,2169,377,196000,46,,,0,0,,
2022,Upshur,2063,7289,248000,88,,,1831,2,,
2022,Tyler,2039,3491,200000,82,,,1750,11,,
2022,Trinity,1865,2500,221000,89,,,1380,10,,
2022,Travis,2061,273762,453000,128,,,1332,100,,
2022,Tom Green,2163,23010,278000,102,,,1948,5,,
2022,Titus,2062,4767,255000,84,,,1551,1,,
2022,Throckmorton,2332,181,221000,35,,,2777,1,,
2022,Terry,2272,1230,225000,66,,,0,0,,
2022,Terrell,1723,142,213000,35,,,684,1,,
2022,Taylor,2307,27796,293000,112,,,3270,8,,
2022,Tarrant,2618,426983,365000,119,,,1927,727,,
2022,Swisher,2384,704,224000,62,,,0,0,,
2022,Sutton,2226,508,261000,48,,,0,0,,
2022,Stonewall,2354,190,214000,31,,,0,0,,
2022,Sterling,2534,109,278000,32,,,0,0,,
2022,Stephens,2381,1451,217000,63,,,0,0,,
2022,Starr,1594,4286,227000,77,,,1999,3,,
2022,Somervell,2679,1359,350000,70,,,1634,1,,
2022,Smith,2144,46700,324000,115,,,1692,16,,
2022,Sherman,2361,393,208000,44,,,0,0,,
2022,Shelby,1929,3112,222000,68,,,1756,4,,
2022,Shackelford,3168,576,324000,60,,,0,0,,
2022,Scurry,2497,2277,249000,76,,,3691,6,,
2022,Schleicher,1890,245,196000,38,,,0,0,,
2022,San Saba,1858,641,240000,52,,,0,0,,
2022,San Patricio,2645,6427,250000,96,869,7226,683,136,2099,7205
2022,San Jacinto,2208,6476,247000,102,,,2404,33,,
2022,San Augustine,1900,1306,211000,60,,,1444,8,,
2022,Sabine,2002,2419,215000,71,,,2695,5,,
2022,Rusk,2042,7626,253000,101,,,1384,4,,
2022,Runnels,2198,1335,220000,73,,,6231,3,,
2022,Rockwall,2658,35801,428000,114,,,2456,8,,
2022,Robertson,1797,2262,228000,80,,,1961,7,,
2022,Roberts,2656,121,267000,27,,,0,0,,
2022,Refugio,2862,949,215000,58,966,345,710,25,1967,341
2022,Reeves,1729,1159,211000,53,,,1710,1,,
2022,Red River,1934,1714,198000,70,,,0,0,,
2022,Real,2046,737,304000,56,,,1299,5,,
2022,Reagan,2425,337,219000,48,,,0,0,,
2022,Randall,2359,37754,316000,104,,,2086,7,,
2022,Rains,2241,2301,272000,76,,,0,0,,
2022,Presidio,1804,693,293000,47,,,2016,4,,
2022,Potter,2263,20070,252000,103,,,1967,5,,
2022,Polk,2148,9267,243000,110,,,1817,38,,
2022,Pecos,2026,1695,213000,64,,,2416,1,,
2022,Parmer,2361,996,239000,61,,,0,0,,
2022,Parker,2736,35221,378000,112,,,3431,4,,
2022,Panola,2004,4084,247000,87,,,1586,3,,
2022,Palo Pinto,3173,6350,367000,93,,,2665,2,,
2022,Orange,2808,18137,243000,106,,,2392,228,,
2022,Oldham,2357,306,249000,42,,,0,0,,
2022,Ochiltree,2591,1288,245000,59,,,0,0,,
2022,Nueces,2654,30295,291000,110,882,32618,911,652,1952,37679
2022,Nolan,2296,2211,214000,70,,,0,0,,
2022,Newton,2090,1603,189000,68,,,1806,10,,
2022,Navarro,2145,6991,271000,103,,,1816,5,,
2022,Nacogdoches,1960,9953,277000,104,,,2609,4,,
2022,Motley,2218,153,200000,30,,,0,0,,
2022,Morris,2045,2236,212000,80,,,2155,2,,
2022,Moore,2331,3135,227000,70,,,1472,1,,
2022,Montgomery,2360,155474,405000,135,,,1566,395,,
2022,Montague,2621,4185,255000,80,,,0,0,,
2022,Mitchell,2217,729,198000,59,,,3269,1,,
2022,Mills,2176,496,255000,42,,,0,0,,
2022,Milam,1895,2804,245000,91,,,1536,7,,
2022,Midland,2603,34650,366000,115,,,2701,6,,
2022,Menard,1871,167,229000,35,,,0,0,,
2022,Medina,2026,7515,313000,99,,,2004,9,,
2022,McMullen,1893,80,252000,19,,,0,0,,
2022,McLennan,1970,46107,296000,117,,,1876,19,,
2022,McCulloch,2117,1056,216000,58,,,1379,1,,
2022,Maverick,1468,5787,221000,89,,,1677,5,,
2022,Matagorda,3243,2495,241000,97,989,4252,899,242,1879,4671
2022,Mason,2060,564,310000,46,,,1256,1,,
2022,Martin,2536,734,252000,51,,,0,0,,
2022,Marion,2099,2169,229000,72,,,2549,2,,
2022,Madison,1946,1332,227000,69,,,1720,3,,
2022,Lynn,2557,949,288000,64,,,0,0,,
2022,Lubbock,2377,59437,306000,116,,,2035,6,,
2022,Loving,1573,5,143000,3,,,0,0,,
2022,Llano,2667,9356,538000,107,,,2641,2,,
2022,Live Oak,2136,744,232000,65,,,3032,1,,
2022,Lipscomb,2338,391,216000,41,,,0,0,,
2022,Limestone,1911,2996,227000,82,,,2406,2,,
2022,Liberty,2346,14857,223000,113,,,2092,125,,
2022,Leon,2020,3090,243000,88,,,1240,7,,
2022,Lee,2036,1844,281000,94,,,1789,7,,
2022,Lavaca,2113,1332,261000,74,,,1449,8,,
2022,Lampasas,1962,4820,294000,92,,,0,0,,
2022,Lamb,2174,1519,206000,64,,,0,0,,
2022,Lamar,2127,8691,256000,92,,,2265,1,,
2022,La Salle,1660,404,190000,54,,,0,0,,
2022,Knox,2252,501,183000,44,,,0,0,,
2022,Kleberg,2332,3122,234000,79,935,859,709,26,1755,763
2022,Kinney,1705,595,249000,53,,,430,1,,
2022,King,2453,11,233000,6,,,0,0,,
2022,Kimble,2020,407,296000,47,,,0,0,,
2022,Kerr,2102,12328,382000,106,,,3025,4,,
2022,Kent,2436,90,189000,30,,,0,0,,
2022,Kenedy,3235,15,327000,13,2796,5,0,0,1926,22
2022,Kendall,2498,12885,575000,115,,,2862,4,,
2022,Kaufman,2032,38529,315000,117,,,2456,7,,
2022,Karnes,2023,1235,249000,71,,,2351,3,,
2022,Jones,2317,1960,211000,67,,,1873,3,,
2022,Johnson,2272,44639,306000,115,,,1966,42,,
2022,Jim Wells,2218,5139,224000,89,,,2527,17,,
2022,Jim Hogg,1896,396,220000,48,,,1380,7,,
2022,Jefferson,3265,17026,311000,113,1072,26707,638,905,1907,26273
2022,Jeff Davis,2015,540,292000,45,,,1815,2,,
2022,Jasper,2264,6941,231000,99,,,1872,28,,
2022,Jackson,2685,1528,221000,79,,,2417,15,,
2022,Jack,2620,970,258000,68,,,0,0,,
2022,Irion,2564,206,256000,33,,,0,0,,
2022,Hutchinson,2423,4199,232000,79,,,8055,1,,
2022,Hunt,2204,16189,265000,104,,,2510,8,,
2022,Hudspeth,1608,141,142000,28,,,0,0,,
2022,Howard,2378,4685,239000,86,,,3239,3,,
2022,Houston,1863,3421,236000,90,,,2528,10,,
2022,Hopkins,2175,5808,269000,88,,,0,0,,
2022,Hood,2690,16576,360000,107,,,1803,8,,
2022,Hockley,2514,3099,248000,77,,,0,0,,
2022,Hill,2143,5468,246000,89,,,1480,3,,
2022,Hidalgo,1753,95780,245000,112,,,1468,56,,
2022,Henderson,2303,20216,324000,111,,,2144,7,,
2022,Hemphill,2896,587,283000,54,,,0,0,,
2022,Hays,1802,59313,392000,126,,,1756,20,,
2022,Haskell,2368,824,204000,53,,,0,0,,
2022,Hartley,2382,107,215000,25,,,0,0,,
2022,Harrison,2094,10028,262000,102,,,2559,2,,
2022,Harris,2833,785385,374000,134,1031,2966,2387,12882,1612,4178
2022,Hardin,2567,12136,267000,110,,,2192,42,,
2022,Hardeman,2403,482,188000,46,,,0,0,,
2022,Hansford,2492,857,244000,52,,,0,0,,
2022,Hamilton,2259,1114,261000,61,,,0,0,,
2022,Hall,2297,360,205000,52,,,0,0,,
2022,Hale,2390,4327,232000,82,,,0,0,,
2022,Guadalupe,1726,37118,335000,121,,,1699,14,,
2022,Grimes,2060,4525,272000,96,,,2823,13,,
2022,Gregg,2059,31229,295000,113,,,1707,8,,
2022,Grayson,2429,32058,293000,113,,,2370,17,,
2022,Gray,2356,3414,233000,75,,,0,0,,
2022,Gonzales,2018,1884,260000,79,,,1609,5,,
2022,Goliad,2488,635,280000,62,,,2225,3,,
2022,Glasscock,2491,68,232000,20,,,0,0,,
2022,Gillespie,2443,5874,499000,97,,,0,0,,
2022,Garza,2483,680,245000,55,,,0,0,,
2022,Galveston,3440,29832,375000,122,964,55312,739,3144,2327,65771
2022,Gaines,2289,2731,254000,65,,,0,0,,
2022,Frio,1741,1396,216000,69,,,1597,3,,
2022,Freestone,2142,3012,276000,85,,,2155,2,,
2022,Franklin,2869,2701,355000,81,,,0,0,,
2022,Fort Bend,2870,192370,414000,130,,,2358,1039,,
2022,Foard,2304,168,176000,31,,,0,0,,
2022,Floyd,2344,573,211000,55,,,0,0,,
2022,Fisher,2347,458,210000,44,,,3237,1,,
2022,Fayette,2475,3173,358000,98,,,1530,8,,
2022,Fannin,2300,6096,257000,86,,,1956,3,,
2022,Falls,1780,1527,204000,74,,,5009,2,,
2022,Erath,2417,5267,294000,90,,,1205,2,,
2022,Ellis,2235,49177,346000,118,,,1964,31,,
2022,El Paso,1300,164577,252000,116,,,928,1107,,
2022,Edwards,1633,372,198000,40,,,1685,1,,
2022,Ector,2224,29516,274000,111,,,2505,17,,
2022,Eastland,2316,2926,249000,78,,,0,0,,
2022,Duval,1974,973,211000,64,,,1509,17,,
2022,Donley,2324,549,214000,54,,,0,0,,
2022,Dimmit,1691,972,200000,61,,,1386,3,,
2022,Dickens,2068,243,169000,43,,,2942,1,,
2022,DeWitt,2034,2310,248000,79,,,1390,10,,
2022,Denton,2788,221200,444000,120,,,2563,66,,
2022,Delta,2086,778,217000,59,,,0,0,,
2022,Deaf Smith,2245,2338,228000,71,,,0,0,,
2022,Dawson,2353,1209,226000,65,,,2889,1,,
2022,Dallas,2803,424245,407000,123,,,2101,813,,
2022,Dallam,2244,1652,247000,60,,,0,0,,
2022,Culberson,2000,220,209000,39,,,1528,1,,
2022,Crosby,2147,689,189000,57,,,0,0,,
2022,Crockett,2116,388,247000,46,,,0,0,,
2022,Crane,2225,614,225000,49,,,3509,1,,
2022,Cottle,2312,174,212000,33,,,0,0,,
2022,Coryell,1746,12303,261000,106,,,1178,1,,
2022,Cooke,2735,6916,310000,92,,,2051,3,,
2022,Concho,2059,323,204000,37,,,0,0,,
2022,Comanche,2199,1596,238000,66,,,0,0,,
2022,Comal,1837,58658,409000,122,,,1492,26,,
2022,Colorado,2459,2722,318000,88,,,1231,26,,
2022,Collingsworth,2138,391,192000,39,,,0,0,,
2022,Collin,2854,255023,471000,123,,,2943,43,,
2022,Coleman,2173,949,215000,57,,,0,0,,
2022,Coke,2062,358,191000,48,,,2624,1,,
2022,Cochran,2108,227,175000,32,,,0,0,,
2022,Clay,2367,1319,215000,63,,,3585,1,,
2022,Childress,2305,1059,212000,56,,,4223,1,,
2022,Cherokee,2022,10287,286000,101,,,1718,11,,
2022,Chambers,2551,7178,332000,96,1153,4331,934,235,2309,4681
2022,Castro,2391,753,238000,53,,,0,0,,
2022,Cass,2064,5226,218000,86,,,2764,2,,
2022,Carson,2542,1071,252000,62,,,0,0,,
2022,Camp,2216,2690,256000,74,,,3218,1,,
2022,Cameron,1856,39336,237000,105,838,9510,576,251,1493,8945
2022,Callahan,2230,2113,239000,79,,,0,0,,
2022,Calhoun,3369,1033,250000,84,834,2821,639,283,2076,3799
2022,Caldwell,1642,5599,252000,104,,,1554,6,,
2022,Burnet,2210,10576,387000,114,,,1041,4,,
2022,Burleson,1681,2561,223000,89,,,1283,15,,
2022,Brown,2294,5858,249000,94,,,2674,3,,
2022,Brooks,2149,555,208000,50,,,2348,5,,
2022,Briscoe,2144,217,192000,44,,,0,0,,
2022,Brewster,1799,1819,275000,57,,,1020,6,,
2022,Brazos,1914,34566,348000,121,,,1429,29,,
2022,Brazoria,2715,53540,336000,119,987,37260,726,1382,2111,36443
2022,Bowie,2139,16862,264000,104,,,2519,4,,
2022,Bosque,2323,3836,274000,84,,,1305,1,,
2022,Borden,2151,30,148000,9,,,0,0,,
2022,Blanco,2256,2680,445000,81,,,1604,6,,
2022,Bexar,1819,410295,331000,129,,,1546,318,,
2022,Bell,1783,74458,302000,118,,,1222,12,,
2022,Bee,2161,2276,220000,83,,,1680,2,,
2022,Baylor,2254,565,203000,51,,,0,0,,
2022,Bastrop,1740,17672,300000,119,,,1449,16,,
2022,Bandera,1964,4958,324000,90,,,2700,4,,
2022,Bailey,2403,703,229000,56,,,2464,1,,
2022,Austin,2406,4660,333000,107,,,1639,38,,
2022,Atascosa,1755,6601,246000,100,,,1670,10,,
2022,Armstrong,2702,378,266000,51,,,0,0,,
2022,Archer,2452,1017,250000,50,,,0,0,,
2022,Aransas,3621,1919,331000,93,976,5004,583,131,2541,5867
2022,Angelina,1929,14775,255000,107,,,1789,12,,
2022,Andrews,2385,2594,278000,74,,,2378,6,,
2022,Anderson,1985,8003,251000,98,,,2556,2,,
2023,Zavala,1910,804,191000,55,,,1425,29,,
2023,Zapata,1801,1270,241000,61,,,818,1,,
2023,Young,3264,3766,313000,88,,,2025,1,,
2023,Yoakum,2813,998,266000,55,,,0,0,,
2023,Wood,2577,11430,296000,99,,,0,0,,
2023,Wise,3074,14807,334000,100,,,4173,6,,
2023,Winkler,2558,983,243000,54,,,0,0,,
2023,Wilson,2307,8572,359000,110,,,2316,9,,
2023,Williamson,2167,146889,418000,124,,,2237,41,,
2023,Willacy,2425,1184,216000,59,1133,345,867,36,2299,344
2023,Wilbarger,2751,1571,221000,62,,,0,0,,
2023,Wichita,2797,26975,280000,101,,,3112,10,,
2023,Wheeler,2909,574,238000,60,,,0,0,,
2023,Wharton,3142,4550,279000,92,,,2797,49,,
2023,Webb,1763,34042,272000,105,,,1723,22,,
2023,Washington,2808,5740,374000,104,,,1906,17,,
2023,Ward,2382,1623,266000,61,,,0,0,,
2023,Waller,2501,8300,360000,109,,,1888,90,,
2023,Walker,2340,10048,311000,108,,,2204,24,,
2023,Victoria,2844,14562,293000,106,,,2845,41,,
2023,Van Zandt,2682,10480,293000,95,,,3773,5,,
2023,Val Verde,1948,7487,282000,87,,,2004,9,,
2023,Uvalde,2224,3705,294000,83,,,2019,13,,
2023,Upton,2431,378,218000,46,,,0,0,,
2023,Upshur,2411,7501,272000,83,,,3076,3,,
2023,Tyler,2314,3477,217000,76,,,2154,13,,
2023,Trinity,2176,2719,241000,88,,,1734,10,,
2023,Travis,2487,275692,495000,124,,,1723,141,,
2023,Tom Green,2532,23267,299000,99,,,2782,9,,
2023,Titus,2499,4797,280000,80,,,1488,1,,
2023,Throckmorton,2759,181,242000,32,,,5008,1,,
2023,Terry,2673,1230,249000,64,,,3118,1,,
2023,Terrell,2044,140,237000,31,,,751,1,,
2023,Taylor,2672,28442,317000,109,,,2698,19,,
2023,Tarrant,3106,427778,397000,118,,,2444,822,,
2023,Swisher,2783,729,246000,63,,,2619,1,,
2023,Sutton,2567,505,280000,50,,,0,0,,
2023,Stonewall,2781,191,230000,32,,,0,0,,
2023,Sterling,3168,114,307000,30,,,0,0,,
2023,Stephens,2635,1482,212000,63,,,0,0,,
2023,Starr,1752,4315,243000,78,,,1872,5,,
2023,Somervell,3192,1383,381000,72,,,1989,2,,
2023,Smith,2531,47220,354000,112,,,1944,17,,
2023,Sherman,2878,403,232000,42,,,0,0,,
2023,Shelby,2263,3127,238000,65,,,2740,5,,
2023,Shackelford,3371,560,321000,59,,,0,0,,
2023,Scurry,2950,2294,269000,77,,,4114,5,,
2023,Schleicher,2135,257,210000,39,,,0,0,,
2023,San Saba,2257,638,268000,50,,,0,0,,
2023,San Patricio,2913,6106,264000,91,933,7610,764,175,2267,8007
2023,San Jacinto,2558,6593,270000,100,,,2712,54,,
2023,San Augustine,2200,1323,231000,60,,,2421,8,,
2023,Sabine,2293,2483,235000,68,,,2181,9,,
2023,Rusk,2390,7691,276000,95,,,2592,6,,
2023,Runnels,2507,1393,238000,71,,,4906,5,,
2023,Rockwall,3162,37214,462000,113,,,3649,15,,
2023,Robertson,2132,2332,251000,80,,,2330,11,,
2023,Roberts,3075,124,283000,31,,,0,0,,
2023,Refugio,3247,957,245000,57,1259,389,727,28,2060,395
2023,Reeves,1943,1189,234000,59,,,0,0,,
2023,Red River,2290,1775,213000,65,,,0,0,,
2023,Real,2367,752,317000,51,,,2082,4,,
2023,Reagan,2704,354,237000,50,,,0,0,,
2023,Randall,2793,37787,339000,103,,,3306,13,,
2023,Rains,2659,2372,296000,72,,,2468,1,,
2023,Presidio,2130,701,332000,47,,,2141,3,,
2023,Potter,2642,20019,272000,100,,,2351,8,,
2023,Polk,2487,9371,266000,107,,,2222,45,,
2023,Pecos,2339,1714,234000,66,,,0,0,,
2023,Parmer,2761,991,261000,63,,,0,0,,
2023,Parker,3213,36733,412000,110,,,5388,4,,
2023,Panola,2380,4124,265000,83,,,1832,4,,
2023,Palo Pinto,3687,6587,393000,89,,,4412,4,,
2023,Orange,3132,18279,261000,101,,,2896,305,,
2023,Oldham,2720,316,270000,41,,,0,0,,
2023,Ochiltree,2999,1336,264000,57,,,0,0,,
2023,Nueces,2803,30483,308000,100,948,33051,1035,740,2206,39667
2023,Nolan,2658,2236,232000,72,,,0,0,,
2023,Newton,2382,1582,202000,69,,,2422,12,,
2023,Navarro,2539,7247,299000,94,,,2840,4,,
2023,Nacogdoches,2331,9959,297000,102,,,2827,9,,
2023,Motley,2617,148,223000,30,,,0,0,,
2023,Morris,2418,2264,235000,69,,,2173,2,,
2023,Moore,2699,3181,242000,71,,,1606,1,,
2023,Montgomery,2782,161446,439000,125,,,2050,477,,
2023,Montague,3055,4320,274000,79,,,2227,1,,
2023,Mitchell,2637,732,221000,60,,,2739,1,,
2023,Mills,2586,505,281000,45,,,0,0,,
2023,Milam,2240,2875,267000,90,,,1844,6,,
2023,Midland,3072,35046,398000,113,,,3003,8,,
2023,Menard,2115,212,235000,36,,,0,0,,
2023,Medina,2367,7801,342000,102,,,2849,11,,
2023,McMullen,2345,85,277000,21,,,0,0,,
2023,McLennan,2358,46784,322000,116,,,2099,38,,
2023,McCulloch,2486,1070,237000,59,,,1514,1,,
2023,Maverick,1679,5716,242000,83,,,1744,5,,
2023,Matagorda,3417,2315,258000,88,1088,4516,962,312,2051,4987
2023,Mason,2493,605,355000,45,,,2735,1,,
2023,Martin,2932,747,269000,51,,,0,0,,
2023,Marion,2452,2177,247000,67,,,2786,5,,
2023,Madison,2284,1342,244000,67,,,2529,3,,
2023,Lynn,3075,988,322000,64,,,0,0,,
2023,Lubbock,2782,60707,334000,115,,,2370,7,,
2023,Loving,1058,2,190000,2,,,0,0,,
2023,Llano,3193,9686,594000,101,,,3335,7,,
2023,Live Oak,2432,766,249000,63,,,3642,3,,
2023,Lipscomb,2742,411,235000,41,,,0,0,,
2023,Limestone,2258,3072,245000,82,,,2452,5,,
2023,Liberty,2664,15142,243000,106,,,2288,184,,
2023,Leon,2361,3151,264000,86,,,2314,9,,
2023,Lee,2390,1926,306000,91,,,2040,8,,
2023,Lavaca,2480,1401,287000,71,,,1764,6,,
2023,Lampasas,2305,4969,320000,89,,,2061,3,,
2023,Lamb,2590,1550,232000,62,,,0,0,,
2023,Lamar,2567,8844,278000,89,,,2178,1,,
2023,La Salle,1975,390,210000,53,,,0,0,,
2023,Knox,2577,477,199000,45,,,3006,1,,
2023,Kleberg,2580,3037,254000,71,1008,881,787,35,1902,834
2023,Kinney,1934,593,263000,51,,,1702,3,,
2023,King,3039,13,270000,6,,,0,0,,
2023,Kimble,2343,417,308000,42,,,0,0,,
2023,Kerr,2527,12388,412000,107,,,2793,14,,
2023,Kent,2815,93,213000,28,,,0,0,,
2023,Kenedy,3642,14,357000,13,2707,6,0,0,1686,29
2023,Kendall,2989,13398,625000,113,,,4591,3,,
2023,Kaufman,2446,40238,343000,112,,,3317,12,,
2023,Karnes,2422,1212,277000,63,,,2574,6,,
2023,Jones,2645,2020,231000,70,,,0,0,,
2023,Johnson,2677,45785,332000,115,,,2685,59,,
2023,Jim Wells,2579,5130,242000,82,,,2530,27,,
2023,Jim Hogg,2193,386,242000,52,,,1791,8,,
2023,Jefferson,3587,15769,331000,106,1171,27203,749,1407,2094,28411
2023,Jeff Davis,2314,541,296000,46,,,1288,1,,
2023,Jasper,2570,6937,249000,91,,,2461,44,,
2023,Jackson,3148,1568,239000,70,,,2817,15,,
2023,Jack,3008,981,279000,58,,,0,0,,
2023,Irion,3002,204,270000,34,,,0,0,,
2023,Hutchinson,2786,4218,247000,80,,,5342,3,,
2023,Hunt,2598,16903,290000,104,,,3334,11,,
2023,Hudspeth,1791,128,149000,27,,,0,0,,
2023,Howard,2804,4680,267000,82,,,2911,1,,
2023,Houston,2205,3429,260000,85,,,2663,12,,
2023,Hopkins,2611,5964,298000,89,,,2260,1,,
2023,Hood,3158,16952,388000,105,,,2901,18,,
2023,Hockley,2918,3151,271000,75,,,0,0,,
2023,Hill,2502,5757,268000,89,,,2462,3,,
2023,Hidalgo,1980,94505,263000,112,,,2269,59,,
2023,Henderson,2734,20755,357000,108,,,2483,12,,
2023,Hemphill,3374,576,306000,54,,,0,0,,
2023,Hays,2143,61718,426000,123,,,2130,30,,
2023,Haskell,2734,832,225000,53,,,0,0,,
2023,Hartley,2663,113,246000,26,,,0,0,,
2023,Harrison,2467,10111,285000,99,,,2145,3,,
2023,Harris,3343,782774,411000,124,1122,3267,2913,16175,1771,4523
2023,Hardin,2898,12199,284000,101,,,2810,52,,
2023,Hardeman,2766,478,202000,50,,,0,0,,
2023,Hansford,3044,866,267000,53,,,0,0,,
2023,Hamilton,2636,1156,282000,62,,,1677,2,,
2023,Hall,2612,359,221000,51,,,0,0,,
2023,Hale,2801,4346,252000,74,,,0,0,,
2023,Guadalupe,2050,38230,361000,120,,,1893,27,,
2023,Grimes,2379,4753,293000,94,,,3362,16,,
2023,Gregg,2432,31358,322000,111,,,3325,11,,
2023,Grayson,2861,33107,322000,113,,,3012,18,,
2023,Gray,2708,3489,250000,78,,,2796,1,,
2023,Gonzales,2344,1920,278000,75,,,1630,6,,
2023,Goliad,2774,675,279000,59,,,3681,2,,
2023,Glasscock,2878,71,287000,19,,,0,0,,
2023,Gillespie,2944,6066,550000,97,,,3343,3,,
2023,Garza,3038,677,275000,53,,,0,0,,
2023,Galveston,3982,25569,407000,116,1038,60133,886,3795,2565,71910
2023,Gaines,2691,2836,279000,63,,,0,0,,
2023,Frio,2067,1356,238000,71,,,1706,3,,
2023,Freestone,2535,3073,304000,79,,,2356,2,,
2023,Franklin,3426,2723,389000,81,,,2842,1,,
2023,Fort Bend,3418,193483,455000,119,,,3043,1566,,
2023,Foard,2671,168,189000,31,,,0,0,,
2023,Floyd,2660,605,234000,56,,,0,0,,
2023,Fisher,2681,463,231000,44,,,3039,1,,
2023,Fayette,2921,3247,393000,95,,,1813,9,,
2023,Fannin,2729,6362,277000,81,,,3125,3,,
2023,Falls,2092,1550,224000,65,,,4422,3,,
2023,Erath,2924,5313,319000,86,,,1203,3,,
2023,Ellis,2716,50535,378000,113,,,2710,44,,
2023,El Paso,1513,164254,274000,111,,,1069,1449,,
2023,Edwards,1937,393,224000,43,,,1849,1,,
2023,Ector,2563,30028,295000,105,,,3408,21,,
2023,Eastland,2687,2979,264000,78,,,0,0,,
2023,Duval,2260,962,224000,65,,,1904,19,,
2023,Donley,2737,572,232000,47,,,0,0,,
2023,Dimmit,1941,947,220000,61,,,1407,5,,
2023,Dickens,2418,261,180000,43,,,3217,1,,
2023,DeWitt,2392,2362,276000,74,,,1967,12,,
2023,Denton,3362,227573,481000,117,,,3337,108,,
2023,Delta,2528,807,246000,61,,,1862,1,,
2023,Deaf Smith,2595,2398,247000,71,,,0,0,,
2023,Dawson,2735,1295,251000,66,,,3163,1,,
2023,Dallas,3369,419685,445000,119,,,2594,966,,
2023,Dallam,2713,1645,270000,63,,,0,0,,
2023,Culberson,1787,216,210000,36,,,1668,1,,
2023,Crosby,2565,680,214000,56,,,0,0,,
2023,Crockett,2360,386,256000,47,,,3953,1,,
2023,Crane,2644,599,245000,50,,,0,0,,
2023,Cottle,2678,172,229000,30,,,0,0,,
2023,Coryell,2081,12674,286000,102,,,1692,7,,
2023,Cooke,3204,7194,334000,91,,,2746,1,,
2023,Concho,2456,338,228000,37,,,0,0,,
2023,Comanche,2601,1624,261000,60,,,0,0,,
2023,Comal,2207,61137,444000,120,,,1719,30,,
2023,Colorado,2843,2741,344000,87,,,1291,37,,
2023,Collingsworth,2594,386,213000,40,,,0,0,,
2023,Collin,3433,265074,510000,122,,,4351,70,,
2023,Coleman,2482,986,237000,58,,,0,0,,
2023,Coke,2407,381,210000,49,,,2526,1,,
2023,Cochran,2538,224,196000,31,,,0,0,,
2023,Clay,2689,1370,229000,59,,,0,0,,
2023,Childress,2666,1061,223000,56,,,4627,1,,
2023,Cherokee,2374,10580,312000,96,,,2210,9,,
2023,Chambers,3183,6175,351000,89,1251,5031,1120,313,2519,5674
2023,Castro,2825,761,260000,58,,,0,0,,
2023,Cass,2393,5388,238000,85,,,5335,3,,
2023,Carson,3082,1092,276000,60,,,4642,1,,
2023,Camp,2633,2786,285000,75,,,0,0,,
2023,Cameron,2050,38273,256000,100,914,9635,700,331,1650,10070
2023,Callahan,2600,2166,259000,74,,,3088,1,,
2023,Calhoun,3890,898,258000,80,886,2973,720,313,2234,3994
2023,Caldwell,1804,6298,274000,104,,,1876,10,,
2023,Burnet,2616,10869,423000,113,,,2030,5,,
2023,Burleson,2022,2667,244000,89,,,1431,16,,
2023,Brown,2635,6042,271000,92,,,3060,2,,
2023,Brooks,2487,544,227000,52,,,2543,5,,
2023,Briscoe,2618,220,220000,42,,,0,0,,
2023,Brewster,2106,1799,299000,60,,,1440,4,,
2023,Brazos,2295,35570,378000,118,,,1676,34,,
2023,Brazoria,3265,47743,371000,112,1067,43225,890,1923,2319,42576
2023,Bowie,2499,16922,287000,98,,,2663,8,,
2023,Bosque,2786,3842,300000,79,,,1788,1,,
2023,Borden,2326,32,168000,11,,,0,0,,
2023,Blanco,2654,2887,478000,79,,,1794,9,,
2023,Bexar,2174,413638,359000,125,,,1910,369,,
2023,Bell,2137,75692,330000,117,,,2087,35,,
2023,Bee,2528,2290,239000,81,,,3086,5,,
2023,Baylor,2690,572,225000,50,,,0,0,,
2023,Bastrop,2028,18621,328000,118,,,1651,21,,
2023,Bandera,2302,5182,349000,89,,,2885,5,,
2023,Bailey,2752,694,246000,53,,,2181,1,,
2023,Austin,2771,5000,362000,106,,,2309,41,,
2023,Atascosa,2045,6740,266000,97,,,2156,16,,
2023,Armstrong,3006,394,281000,48,,,0,0,,
2023,Archer,2901,1007,270000,51,,,0,0,,
2023,Aransas,4382,1602,357000,92,1089,5463,653,150,2806,6494
2023,Angelina,2248,14898,276000,106,,,2155,18,,
2023,Andrews,2815,2647,304000,69,,,2617,7,,
2023,Anderson,2339,8089,277000,95,,,2642,8,,
2024,Zavala,2224,810,211000,56,,,1681,28,,
2024,Zapata,2089,1236,253000,64,,,1658,2,,
2024,Young,3804,3817,321000,85,,,3276,4,,
2024,Yoakum,3255,1026,273000,49,,,0,0,,
2024,Wood,3003,11855,312000,95,,,3409,8,,
2024,Wise,3639,15730,355000,97,,,4946,21,,
2024,Winkler,2966,994,253000,52,,,0,0,,
2024,Wilson,2727,8959,379000,104,,,2588,20,,
2024,Williamson,2587,149188,439000,122,,,2898,135,,
2024,Willacy,2770,1218,228000,54,1356,339,1005,40,2560,368
2024,Wilbarger,3232,1599,237000,57,,,2500,4,,
2024,Wichita,3229,27474,294000,91,,,3350,25,,
2024,Wheeler,3352,597,252000,52,,,3268,2,,
2024,Wharton,3642,4606,295000,88,,,3328,138,,
2024,Webb,2062,34670,286000,103,,,2100,34,,
2024,Washington,3263,6088,397000,97,,,2531,32,,
2024,Ward,2848,1643,279000,61,,,2290,13,,
2024,Waller,2868,9096,379000,102,,,2701,127,,
2024,Walker,2784,10266,328000,107,,,2979,56,,
2024,Victoria,3290,14770,313000,101,,,3540,149,,
2024,Van Zandt,3121,10896,311000,89,,,3550,9,,
2024,Val Verde,2329,7427,295000,80,,,2512,21,,
2024,Uvalde,2605,3805,310000,85,,,2294,16,,
2024,Upton,2844,362,231000,40,,,0,0,,
2024,Upshur,2805,7697,288000,82,,,3323,14,,
2024,Tyler,2685,3401,232000,70,,,2757,45,,
2024,Trinity,2558,2852,254000,85,,,2612,21,,
2024,Travis,2989,274890,523000,122,,,2227,384,,
2024,Tom Green,3058,23437,312000,98,,,3844,33,,
2024,Titus,2962,4791,298000,79,,,3963,5,,
2024,Throckmorton,3211,195,261000,30,,,5491,1,,
2024,Terry,2953,1337,253000,64,,,0,0,,
2024,Terrell,2275,148,245000,28,,,1735,1,,
2024,Taylor,3104,29549,333000,104,,,3538,55,,
2024,Tarrant,3692,427925,422000,116,,,3315,2186,,
2024,Swisher,3258,712,250000,59,,,4524,2,,
2024,Sutton,2970,523,286000,51,,,0,0,,
2024,Stonewall,3238,182,235000,34,,,0,0,,
2024,Sterling,3568,122,324000,30,,,2762,1,,
2024,Stephens,3159,1467,240000,61,,,3974,1,,
2024,Starr,2004,4354,256000,76,,,2239,10,,
2024,Somervell,3773,1524,402000,71,,,2667,1,,
2024,Smith,2961,48042,372000,109,,,3337,73,,
2024,Sherman,3524,403,250000,40,,,4044,1,,
2024,Shelby,2584,3185,256000,61,,,3817,14,,
2024,Shackelford,3843,573,356000,55,,,3039,1,,
2024,Scurry,3653,2315,286000,75,,,5222,8,,
2024,Schleicher,2557,273,229000,38,,,0,0,,
2024,San Saba,2601,651,279000,44,,,2769,3,,
2024,San Patricio,3270,5717,274000,90,1055,8109,885,327,2368,9267
2024,San Jacinto,2947,6668,285000,93,,,2781,123,,
2024,San Augustine,2524,1351,242000,54,,,2413,16,,
2024,Sabine,2626,2510,247000,69,,,3231,16,,
2024,Rusk,2794,7782,289000,91,,,3278,18,,
2024,Runnels,2930,1478,252000,68,,,3532,8,,
2024,Rockwall,3791,38827,490000,108,,,4626,88,,
2024,Robertson,2519,2428,270000,78,,,2276,11,,
2024,Roberts,3506,128,279000,32,,,0,0,,
2024,Refugio,3504,919,238000,56,1386,430,848,38,2206,450
2024,Reeves,2334,1196,251000,54,,,3290,1,,
2024,Red River,2655,1823,226000,66,,,2851,2,,
2024,Real,2789,774,335000,52,,,2413,6,,
2024,Reagan,3161,353,246000,45,,,0,0,,
2024,Randall,3343,38749,355000,100,,,3674,32,,
2024,Rains,3145,2442,315000,72,,,3746,2,,
2024,Presidio,2576,652,327000,43,,,2077,2,,
2024,Potter,3115,20191,285000,97,,,3039,33,,
2024,Polk,2889,9340,281000,103,,,2734,101,,
2024,Pecos,2730,1725,247000,62,,,4012,5,,
2024,Parmer,3191,1036,273000,57,,,0,0,,
2024,Parker,3844,38336,439000,108,,,5199,24,,
2024,Panola,2805,4172,281000,78,,,2986,11,,
2024,Palo Pinto,4340,6859,419000,88,,,7237,6,,
2024,Orange,3593,17291,275000,96,,,3504,879,,
2024,Oldham,3141,320,272000,38,,,0,0,,
2024,Ochiltree,3394,1433,278000,56,,,4048,2,,
2024,Nueces,3168,29292,321000,97,1083,34558,1194,1242,2323,45149
2024,Nolan,3193,2260,250000,67,,,5330,2,,
2024,Newton,2749,1590,217000,67,,,3102,28,,
2024,Navarro,2951,7531,314000,89,,,3263,24,,
2024,Nacogdoches,2733,10026,313000,93,,,3284,28,,
2024,Motley,3198,151,246000,32,,,0,0,,
2024,Morris,2774,2392,245000,69,,,2062,3,,
2024,Moore,3224,3267,255000,69,,,2902,2,,
2024,Montgomery,3227,166599,458000,122,,,2467,1350,,
2024,Montague,3568,4559,293000,71,,,3957,3,,
2024,Mitchell,3164,776,235000,54,,,3377,3,,
2024,Mills,2982,564,289000,45,,,0,0,,
2024,Milam,2569,3126,284000,90,,,2297,16,,
2024,Midland,3720,35668,413000,107,,,3981,39,,
2024,Menard,2304,303,240000,42,,,1924,2,,
2024,Medina,2761,7972,366000,98,,,3022,21,,
2024,McMullen,2944,81,287000,19,,,0,0,,
2024,McLennan,2831,47752,340000,113,,,2708,116,,
2024,McCulloch,2986,1100,258000,56,,,3998,1,,
2024,Maverick,1905,5758,252000,81,,,3043,13,,
2024,Matagorda,3891,2119,267000,80,1288,4673,1159,468,2216,5457
2024,Mason,2925,625,367000,51,,,1694,2,,
2024,Martin,3569,772,298000,53,,,16385,1,,
2024,Marion,2771,2240,262000,63,,,3710,6,,
2024,Madison,2668,1403,258000,65,,,3866,5,,
2024,Lynn,3542,1053,341000,60,,,0,0,,
2024,Lubbock,3277,62463,349000,111,,,4482,31,,
2024,Loving,1220,2,207000,2,,,0,0,,
2024,Llano,3834,9946,628000,99,,,3580,13,,
2024,Live Oak,2805,828,266000,63,,,2220,4,,
2024,Lipscomb,3248,449,254000,42,,,0,0,,
2024,Limestone,2649,3114,258000,77,,,2487,6,,
2024,Liberty,3015,15396,256000,101,,,2735,432,,
2024,Leon,2747,3264,277000,82,,,2067,8,,
2024,Lee,2770,2096,324000,88,,,2008,8,,
2024,Lavaca,2868,1493,313000,69,,,2510,14,,
2024,Lampasas,2776,5051,344000,87,,,3039,12,,
2024,Lamb,3062,1630,238000,57,,,0,0,,
2024,Lamar,2989,9061,289000,89,,,2919,9,,
2024,La Salle,2304,388,222000,51,,,2076,1,,
2024,Knox,2930,494,220000,42,,,5169,4,,
2024,Kleberg,2944,2994,268000,67,1135,916,863,62,2001,995
2024,Kinney,2311,578,270000,50,,,1822,2,,
2024,King,3063,15,305000,7,,,0,0,,
2024,Kimble,2746,455,322000,44,,,1672,1,,
2024,Kerr,2976,12536,427000,103,,,3120,32,,
2024,Kent,3051,99,223000,24,,,0,0,,
2024,Kenedy,4141,13,377000,11,2854,6,1443,1,1868,34
2024,Kendall,3502,14008,660000,108,,,3568,12,,
2024,Kaufman,2873,43047,360000,111,,,4035,75,,
2024,Karnes,2744,1254,298000,66,,,3272,10,,
2024,Jones,3065,2070,241000,65,,,4286,6,,
2024,Johnson,3135,47438,353000,110,,,3305,168,,
2024,Jim Wells,2989,5137,260000,82,,,2915,45,,
2024,Jim Hogg,2679,359,260000,48,,,2414,12,,
2024,Jefferson,4005,14749,344000,102,1316,27457,858,2557,2241,31648
2024,Jeff Davis,2693,521,320000,45,,,1402,1,,
2024,Jasper,2972,6921,263000,87,,,2961,107,,
2024,Jackson,3622,1624,257000,63,,,3179,66,,
2024,Jack,3632,1033,305000,58,,,5984,1,,
2024,Irion,3535,198,280000,33,,,3721,1,,
2024,Hutchinson,3240,4270,258000,71,,,3835,12,,
2024,Hunt,3027,17834,308000,102,,,3571,32,,
2024,Hudspeth,2101,121,172000,29,,,0,0,,
2024,Howard,3381,4680,282000,73,,,3952,7,,
2024,Houston,2608,3458,273000,80,,,3086,17,,
2024,Hopkins,3083,6121,308000,83,,,6436,4,,
2024,Hood,3663,17997,410000,102,,,3994,33,,
2024,Hockley,3364,3309,282000,75,,,3827,2,,
2024,Hill,2933,5987,285000,85,,,3470,19,,
2024,Hidalgo,2236,96208,278000,105,,,2728,89,,
2024,Henderson,3186,21404,377000,105,,,3458,39,,
2024,Hemphill,3852,601,326000,51,,,4256,1,,
2024,Hays,2524,64336,446000,118,,,2908,81,,
2024,Haskell,3076,868,235000,52,,,3601,1,,
2024,Hartley,3041,118,249000,25,,,0,0,,
2024,Harrison,2930,10300,296000,90,,,3352,10,,
2024,Harris,3878,769122,439000,121,1272,3556,3542,27294,1881,4932
2024,Hardin,3299,12436,297000,95,,,3048,179,,
2024,Hardeman,3157,491,219000,44,,,0,0,,
2024,Hansford,3698,875,287000,53,,,0,0,,
2024,Hamilton,3081,1186,301000,60,,,1763,1,,
2024,Hall,2989,380,235000,53,,,2762,1,,
2024,Hale,3160,4547,261000,73,,,3897,1,,
2024,Guadalupe,2421,39554,377000,116,,,2476,62,,
2024,Grimes,2727,5146,313000,88,,,3003,26,,
2024,Gregg,2850,31637,336000,106,,,3230,74,,
2024,Grayson,3353,34304,340000,109,,,3803,66,,
2024,Gray,3107,3570,269000,75,,,3281,12,,
2024,Gonzales,2596,2029,286000,76,,,2342,7,,
2024,Goliad,3082,726,294000,59,,,2913,9,,
2024,Glasscock,3451,67,298000,18,,,0,0,,
2024,Gillespie,3475,6268,593000,92,,,2007,8,,
2024,Garza,3697,677,289000,52,,,5083,2,,
2024,Galveston,4469,23918,422000,109,1209,62270,1104,5524,2736,78998
2024,Gaines,3120,3055,291000,58,,,1896,1,,
2024,Frio,2366,1397,251000,68,,,2608,9,,
2024,Freestone,2978,3090,319000,78,,,4043,7,,
2024,Franklin,4049,2809,407000,81,,,4959,2,,
2024,Fort Bend,3978,192581,482000,114,,,3863,3393,,
2024,Foard,2937,161,211000,30,,,0,0,,
2024,Floyd,3001,668,244000,54,,,0,0,,
2024,Fisher,3163,463,250000,41,,,0,0,,
2024,Fayette,3381,3407,422000,92,,,2497,22,,
2024,Fannin,3182,6691,291000,84,,,3767,13,,
2024,Falls,2457,1555,242000,68,,,3363,10,,
2024,Erath,3434,5409,334000,78,,,4032,7,,
2024,Ellis,3229,52947,403000,110,,,3486,230,,
2024,El Paso,1796,163015,287000,111,,,1326,3223,,
2024,Edwards,2321,389,235000,38,,,2354,3,,
2024,Ector,3080,30584,310000,101,,,3883,73,,
2024,Eastland,3293,3024,304000,73,,,3858,2,,
2024,Duval,2674,949,237000,62,,,2005,24,,
2024,Donley,3069,592,237000,40,,,3947,1,,
2024,Dimmit,2288,918,235000,59,,,1759,6,,
2024,Dickens,2899,252,197000,41,,,3839,2,,
2024,DeWitt,2723,2499,296000,74,,,2936,25,,
2024,Denton,4045,233915,509000,114,,,3922,677,,
2024,Delta,2873,834,259000,59,,,1424,2,,
2024,Deaf Smith,3078,2472,257000,73,,,4586,2,,
2024,Dawson,3234,1419,266000,62,,,3927,3,,
2024,Dallas,4058,412761,475000,117,,,3322,2679,,
2024,Dallam,3167,1719,281000,61,,,10770,1,,
2024,Culberson,1990,216,228000,34,,,2008,2,,
2024,Crosby,2830,743,211000,58,,,0,0,,
2024,Crockett,2848,369,269000,43,,,2497,2,,
2024,Crane,3156,588,268000,47,,,4118,2,,
2024,Cottle,3040,177,237000,26,,,3881,1,,
2024,Coryell,2478,13110,305000,100,,,2261,21,,
2024,Cooke,3842,7298,355000,86,,,3650,6,,
2024,Concho,2805,356,246000,38,,,2955,1,,
2024,Comanche,3078,1717,277000,62,,,2708,6,,
2024,Comal,2614,64224,466000,118,,,2853,86,,
2024,Colorado,3291,2816,363000,86,,,1917,58,,
2024,Collingsworth,3200,372,235000,39,,,0,0,,
2024,Collin,4105,274394,537000,119,,,5013,405,,
2024,Coleman,2883,1037,250000,56,,,7800,2,,
2024,Coke,2818,415,226000,47,,,2504,3,,
2024,Cochran,2931,217,206000,31,,,0,0,,
2024,Clay,3079,1401,238000,57,,,3677,1,,
2024,Childress,3119,1041,233000,53,,,0,0,,
2024,Cherokee,2770,10893,331000,95,,,2527,22,,
2024,Chambers,3697,5651,361000,84,1369,5779,1301,543,2658,6886
2024,Castro,3341,753,275000,54,,,4002,2,,
2024,Cass,2732,5534,253000,80,,,3255,6,,
2024,Carson,3613,1122,289000,58,,,3186,1,,
2024,Camp,3013,2887,299000,73,,,6188,4,,
2024,Cameron,2340,39509,273000,98,1053,9258,806,447,1774,10420
2024,Callahan,3035,2293,275000,73,,,3910,4,,
2024,Calhoun,4431,810,267000,76,990,3074,830,382,2387,4275
2024,Caldwell,2004,7257,291000,100,,,2368,19,,
2024,Burnet,3052,11304,444000,107,,,2428,15,,
2024,Burleson,2347,2816,261000,85,,,2144,25,,
2024,Brown,3082,6136,288000,86,,,4090,18,,
2024,Brooks,2894,518,229000,51,,,2951,5,,
2024,Briscoe,2979,233,243000,39,,,0,0,,
2024,Brewster,2528,1771,313000,62,,,1859,7,,
2024,Brazos,2742,36418,395000,116,,,2059,57,,
2024,Brazoria,3783,45391,389000,107,1234,46715,1056,3477,2474,50267
2024,Bowie,2905,16983,301000,96,,,3196,13,,
2024,Bosque,3232,3980,321000,78,,,4135,12,,
2024,Borden,2588,32,176000,12,,,0,0,,
2024,Blanco,3120,3059,507000,80,,,3336,14,,
2024,Bexar,2579,417071,378000,125,,,2283,812,,
2024,Bell,2564,77529,351000,118,,,2864,113,,
2024,Bee,2890,2406,257000,76,,,2956,26,,
2024,Baylor,3124,614,248000,45,,,3725,1,,
2024,Bastrop,2363,19638,344000,114,,,2427,38,,
2024,Bandera,2713,5357,368000,82,,,2741,14,,
2024,Bailey,3191,695,260000,47,,,6617,1,,
2024,Austin,3203,5235,381000,101,,,2562,79,,
2024,Atascosa,2385,6931,283000,95,,,2223,50,,
2024,Armstrong,3485,414,301000,44,,,0,0,,
2024,Archer,3379,1059,290000,51,,,3110,1,,
2024,Aransas,5124,1277,376000,88,1204,5963,796,202,2974,7428
2024,Angelina,2623,14995,286000,98,,,2824,41,,
2024,Andrews,3388,2818,321000,69,,,3143,7,,
2024,Anderson,2754,8225,290000,91,,,2587,23,,
2025,Zavala,2385,785,215000,59,,,2189,22,,
2025,Zapata,2210,1178,270000,65,,,1637,3,,
2025,Young,3978,3827,339000,82,,,4206,6,,
2025,Yoakum,3487,1053,291000,50,,,0,0,,
2025,Wood,3182,12087,334000,94,,,4117,10,,
2025,Wise,3816,16677,381000,98,,,5716,25,,
2025,Winkler,3024,956,272000,52,,,4916,3,,
2025,Wilson,2990,9191,402000,102,,,2760,29,,
2025,Williamson,2758,152007,466000,122,,,3347,179,,
2025,Willacy,2970,1183,248000,57,1355,352,1281,44,2640,374
2025,Wilbarger,3364,1601,257000,55,,,3280,4,,
2025,Wichita,3280,27843,312000,92,,,3214,33,,
2025,Wheeler,3577,607,274000,52,,,3830,2,,
2025,Wharton,3996,4579,316000,86,,,3876,152,,
2025,Webb,2143,34897,305000,106,,,2223,48,,
2025,Washington,3540,6226,424000,101,,,2858,38,,
2025,Ward,2933,1601,295000,63,,,2640,13,,
2025,Waller,2939,10211,397000,103,,,2996,129,,
2025,Walker,2992,10357,349000,105,,,3330,65,,
2025,Victoria,3657,14587,334000,98,,,3459,175,,
2025,Van Zandt,3317,10983,336000,92,,,4217,16,,
2025,Val Verde,2466,7248,317000,83,,,2703,23,,
2025,Uvalde,2805,3725,325000,83,,,2606,19,,
2025,Upton,2902,369,248000,39,,,5646,1,,
2025,Upshur,2992,7745,313000,86,,,4003,18,,
2025,Tyler,2915,3324,251000,70,,,3258,49,,
2025,Trinity,2709,2870,276000,78,,,3287,24,,
2025,Travis,3245,272866,557000,123,,,2514,504,,
2025,Tom Green,3107,23542,332000,94,,,4377,33,,
2025,Titus,3255,4607,326000,81,,,4860,5,,
2025,Throckmorton,3489,185,289000,29,,,6413,1,,
2025,Terry,3366,1252,281000,61,,,0,0,,
2025,Terrell,2435,149,264000,26,,,2763,1,,
2025,Taylor,3249,29457,355000,99,,,3969,54,,
2025,Tarrant,3939,416417,453000,117,,,3867,2346,,
2025,Swisher,3423,723,272000,55,,,5261,3,,
2025,Sutton,3142,511,303000,51,,,2804,1,,
2025,Stonewall,3325,190,266000,34,,,0,0,,
2025,Sterling,3762,120,352000,29,,,3691,2,,
2025,Stephens,3260,1482,275000,60,,,4511,2,,
2025,Starr,2087,4335,276000,77,,,2447,16,,
2025,Somervell,3914,1634,426000,71,,,3187,3,,
2025,Smith,3148,47676,398000,103,,,3488,93,,
2025,Sherman,3851,410,275000,43,,,0,0,,
2025,Shelby,2859,3176,278000,64,,,3188,18,,
2025,Shackelford,4019,568,350000,53,,,0,0,,
2025,Scurry,3887,2287,311000,75,,,4486,11,,
2025,Schleicher,2702,269,265000,38,,,2993,1,,
2025,San Saba,2918,637,301000,44,,,2378,7,,
2025,San Patricio,3418,5541,296000,92,1196,8305,922,411,2512,9758
2025,San Jacinto,3151,6571,303000,97,,,3259,135,,
2025,San Augustine,2739,1331,262000,56,,,3235,20,,
2025,Sabine,2897,2486,270000,70,,,2575,20,,
2025,Rusk,3040,7693,310000,89,,,4159,28,,
2025,Runnels,3132,1471,278000,61,,,2968,6,,
2025,Rockwall,4059,39608,521000,106,,,4750,99,,
2025,Robertson,2715,2505,291000,78,,,2850,17,,
2025,Roberts,3677,134,305000,34,,,3061,1,,
2025,Refugio,3943,864,262000,59,1440,459,853,46,2335,488
2025,Reeves,2402,1218,271000,57,,,2893,3,,
2025,Red River,2979,1811,253000,63,,,4079,2,,
2025,Real,2988,805,354000,51,,,3151,11,,
2025,Reagan,3195,347,259000,42,,,0,0,,
2025,Randall,3507,38650,373000,99,,,4861,47,,
2025,Rains,3322,2539,334000,69,,,5129,1,,
2025,Presidio,2648,632,354000,43,,,2716,2,,
2025,Potter,3258,19799,304000,94,,,3606,38,,
2025,Polk,3080,9174,301000,100,,,3074,111,,
2025,Pecos,2845,1742,270000,61,,,4215,8,,
2025,Parmer,3564,989,300000,55,,,0,0,,
2025,Parker,4024,39470,468000,108,,,5959,41,,
2025,Panola,3030,4180,301000,81,,,3395,10,,
2025,Palo Pinto,4564,6923,440000,81,,,5009,13,,
2025,Orange,3867,16188,290000,99,,,3949,1037,,
2025,Oldham,3449,325,292000,38,,,0,0,,
2025,Ochiltree,3507,1503,300000,58,,,2591,1,,
2025,Nueces,3285,28734,339000,97,1198,34813,1246,1460,2463,47205
2025,Nolan,3324,2283,267000,65,,,4519,4,,
2025,Newton,2982,1576,237000,69,,,3545,34,,
2025,Navarro,3188,7638,340000,90,,,3788,38,,
2025,Nacogdoches,2960,10054,336000,92,,,4047,32,,
2025,Motley,3422,154,263000,29,,,0,0,,
2025,Morris,3006,2393,270000,67,,,2038,2,,
2025,Moore,3321,3256,271000,68,,,2809,5,,
2025,Montgomery,3404,169779,478000,123,,,2738,1749,,
2025,Montague,3717,4690,312000,76,,,3635,7,,
2025,Mitchell,3353,817,254000,53,,,2803,4,,
2025,Mills,3154,605,307000,47,,,0,0,,
2025,Milam,2719,3321,308000,87,,,2683,15,,
2025,Midland,3848,35867,436000,104,,,4393,52,,
2025,Menard,2491,308,264000,43,,,2313,3,,
2025,Medina,2874,8320,392000,99,,,3133,27,,
2025,McMullen,3301,92,354000,21,,,0,0,,
2025,McLennan,3110,47650,366000,113,,,2966,177,,
2025,McCulloch,3072,1123,284000,55,,,2427,2,,
2025,Maverick,2037,5643,272000,75,,,3458,15,,
2025,Matagorda,4178,1986,280000,84,1394,4700,1274,599,2382,5640
2025,Mason,3139,632,391000,48,,,1971,2,,
2025,Martin,3718,812,317000,52,,,2806,1,,
2025,Marion,2994,2275,286000,68,,,3484,6,,
2025,Madison,2912,1424,276000,62,,,4019,6,,
2025,Lynn,3754,1059,376000,58,,,0,0,,
2025,Lubbock,3426,63166,371000,106,,,4985,56,,
2025,Loving,2136,4,175000,5,,,0,0,,
2025,Llano,4137,10021,661000,99,,,3522,22,,
2025,Live Oak,3156,817,289000,63,,,3886,6,,
2025,Lipscomb,3467,454,275000,44,,,0,0,,
2025,Limestone,2884,3214,279000,74,,,3757,8,,
2025,Liberty,3219,15500,275000,104,,,2976,591,,
2025,Leon,2915,3403,301000,82,,,2945,12,,
2025,Lee,3050,2165,342000,90,,,3216,9,,
2025,Lavaca,3136,1563,334000,73,,,3013,22,,
2025,Lampasas,2926,5212,363000,92,,,3259,19,,
2025,Lamb,3300,1613,258000,60,,,0,0,,
2025,Lamar,3326,8859,319000,89,,,4383,14,,
2025,La Salle,2549,385,238000,48,,,2236,2,,
2025,Knox,3100,479,242000,45,,,7284,1,,
2025,Kleberg,3198,2966,289000,69,1241,924,910,90,2162,1029
2025,Kinney,2383,566,286000,48,,,1197,2,,
2025,King,3497,14,334000,6,,,0,0,,
2025,Kimble,2900,494,339000,47,,,3556,4,,
2025,Kerr,3241,12605,450000,103,,,3589,36,,
2025,Kent,3122,95,242000,23,,,0,0,,
2025,Kenedy,4135,12,400000,12,2748,6,1657,1,1863,37
2025,Kendall,3721,14633,687000,101,,,4545,16,,
2025,Kaufman,3058,45004,384000,108,,,4161,110,,
2025,Karnes,3168,1223,330000,72,,,3508,10,,
2025,Jones,3251,2090,265000,69,,,3310,3,,
2025,Johnson,3324,48391,381000,109,,,3699,204,,
2025,Jim Wells,3293,5015,283000,83,,,3295,62,,
2025,Jim Hogg,2826,358,291000,47,,,2453,19,,
2025,Jefferson,4010,13242,358000,105,1417,26786,883,3457,2422,33080
2025,Jeff Davis,2616,518,329000,47,,,4049,1,,
2025,Jasper,3214,6766,281000,90,,,3301,159,,
2025,Jackson,4082,1635,281000,68,,,3667,84,,
2025,Jack,3899,1103,324000,56,,,0,0,,
2025,Irion,3513,197,283000,33,,,4072,1,,
2025,Hutchinson,3381,4217,276000,77,,,4735,14,,
2025,Hunt,3245,18160,335000,102,,,4252,42,,
2025,Hudspeth,2288,112,189000,25,,,2730,2,,
2025,Howard,3523,4704,306000,72,,,5076,13,,
2025,Houston,2817,3496,298000,83,,,3846,21,,
2025,Hopkins,3386,6134,340000,85,,,5561,5,,
2025,Hood,3780,18807,438000,103,,,4061,50,,
2025,Hockley,3440,3330,304000,72,,,4550,3,,
2025,Hill,3161,6171,309000,82,,,3493,31,,
2025,Hidalgo,2383,97352,300000,110,,,3441,82,,
2025,Henderson,3442,21489,404000,105,,,3657,50,,
2025,Hemphill,4020,596,356000,51,,,5002,1,,
2025,Hays,2688,66755,471000,119,,,2966,98,,
2025,Haskell,3433,823,259000,51,,,3516,2,,
2025,Hartley,3381,113,298000,22,,,0,0,,
2025,Harrison,3114,10148,320000,92,,,3926,22,,
2025,Harris,4144,742727,463000,124,1435,3600,4136,28616,2015,4994
2025,Hardin,3508,12397,315000,100,,,3062,220,,
2025,Hardeman,3477,463,242000,41,,,3152,1,,
2025,Hansford,3883,876,307000,56,,,0,0,,
2025,Hamilton,3275,1263,320000,59,,,5279,1,,
2025,Hall,3415,373,245000,50,,,3206,1,,
2025,Hale,3419,4423,284000,71,,,3114,2,,
2025,Guadalupe,2659,40760,397000,117,,,2781,84,,
2025,Grimes,2963,5332,337000,92,,,3535,30,,
2025,Gregg,3088,30804,362000,105,,,3401,92,,
2025,Grayson,3557,34897,368000,107,,,4250,81,,
2025,Gray,3326,3456,289000,76,,,3502,21,,
2025,Gonzales,2901,2040,310000,73,,,2779,12,,
2025,Goliad,3470,714,304000,59,,,3806,9,,
2025,Glasscock,3778,67,330000,18,,,0,0,,
2025,Gillespie,3768,6526,624000,93,,,3579,10,,
2025,Garza,3925,664,319000,48,,,0,0,,
2025,Galveston,4464,22153,431000,111,1347,60297,1168,7001,2919,81754
2025,Gaines,3276,3093,311000,64,,,3686,1,,
2025,Frio,2548,1386,274000,74,,,2660,10,,
2025,Freestone,3234,3169,344000,77,,,4913,8,,
2025,Franklin,4296,2761,434000,78,,,7746,2,,
2025,Fort Bend,4231,184538,503000,116,,,4481,3749,,
2025,Foard,3131,168,232000,30,,,0,0,,
2025,Floyd,3351,641,274000,53,,,0,0,,
2025,Fisher,3444,451,276000,45,,,0,0,,
2025,Fayette,3611,3519,439000,91,,,2680,24,,
2025,Fannin,3461,6819,321000,83,,,4418,15,,
2025,Falls,2724,1583,263000,74,,,3102,18,,
2025,Erath,3673,5481,360000,78,,,4130,19,,
2025,Ellis,3491,54590,432000,111,,,3923,285,,
2025,El Paso,1818,161494,306000,106,,,1501,3937,,
2025,Edwards,2436,384,245000,37,,,2384,4,,
2025,Ector,3195,30719,328000,99,,,4084,78,,
2025,Eastland,3369,3014,305000,72,,,4045,6,,
2025,Duval,2827,934,260000,65,,,2357,33,,
2025,Donley,3332,583,260000,43,,,4486,1,,
2025,Dimmit,2470,886,251000,59,,,2070,3,,
2025,Dickens,3199,244,227000,39,,,5006,2,,
2025,DeWitt,3021,2575,308000,77,,,2982,33,,
2025,Denton,4336,232569,543000,115,,,4248,780,,
2025,Delta,3154,842,284000,60,,,3155,4,,
2025,Deaf Smith,3273,2405,277000,70,,,4768,2,,
2025,Dawson,3443,1400,285000,65,,,3920,3,,
2025,Dallas,4363,400070,512000,117,,,3840,3012,,
2025,Dallam,3317,1691,302000,59,,,0,0,,
2025,Culberson,2202,199,246000,36,,,2234,2,,
2025,Crosby,3221,703,243000,54,,,0,0,,
2025,Crockett,2920,376,297000,44,,,3940,2,,
2025,Crane,3242,575,292000,52,,,6436,1,,
2025,Cottle,3365,172,274000,27,,,4461,1,,
2025,Coryell,2631,13451,325000,97,,,2524,35,,
2025,Cooke,4004,7550,383000,86,,,4692,9,,
2025,Concho,2962,359,270000,36,,,0,0,,
2025,Comanche,3304,1797,294000,60,,,3361,7,,
2025,Comal,2803,66437,490000,117,,,2937,120,,
2025,Colorado,3588,2859,393000,88,,,2387,75,,
2025,Collingsworth,3712,359,266000,38,,,0,0,,
2025,Collin,4343,276766,569000,117,,,5473,405,,
2025,Coleman,3005,1087,269000,59,,,7208,3,,
2025,Coke,2930,420,248000,44,,,3570,5,,
2025,Cochran,3432,202,241000,34,,,0,0,,
2025,Clay,3228,1444,260000,57,,,3934,3,,
2025,Childress,3334,997,252000,50,,,0,0,,
2025,Cherokee,2979,10986,357000,91,,,2879,26,,
2025,Chambers,3873,5238,377000,89,1513,6321,1308,686,2810,7679
2025,Castro,3507,741,301000,52,,,3519,1,,
2025,Cass,2956,5549,275000,77,,,2963,11,,
2025,Carson,3850,1130,315000,62,,,5326,2,,
2025,Camp,3278,2862,327000,68,,,8689,1,,
2025,Cameron,2543,39743,297000,98,1183,8817,841,516,1927,10240
2025,Callahan,3217,2371,299000,70,,,5284,2,,
2025,Calhoun,4940,741,273000,80,1233,3094,906,440,2577,4368
2025,Caldwell,2108,7965,310000,100,,,2710,27,,
2025,Burnet,3244,11708,468000,109,,,2942,23,,
2025,Burleson,2620,2890,283000,88,,,2490,33,,
2025,Brown,3186,6274,309000,86,,,3757,23,,
2025,Brooks,3131,495,263000,50,,,3277,5,,
2025,Briscoe,3482,217,275000,37,,,5491,1,,
2025,Brewster,2585,1732,331000,64,,,1510,4,,
2025,Brazos,2949,36963,418000,115,,,2299,85,,
2025,Brazoria,3871,43135,403000,109,1371,48358,1097,4617,2636,54984
2025,Bowie,3093,16752,323000,98,,,3907,9,,
2025,Bosque,3505,4017,352000,81,,,4457,14,,
2025,Borden,2898,32,213000,11,,,0,0,,
2025,Blanco,3486,3138,545000,79,,,2328,11,,
2025,Bexar,2806,416938,398000,125,,,2678,1023,,
2025,Bell,2708,78865,375000,115,,,2832,137,,
2025,Bee,3261,2418,276000,76,,,3118,29,,
2025,Baylor,3373,610,265000,48,,,0,0,,
2025,Bastrop,2513,20378,367000,112,,,2854,59,,
2025,Bandera,2902,5511,389000,85,,,2236,14,,
2025,Bailey,3504,659,288000,42,,,5940,1,,
2025,Austin,3472,5394,401000,101,,,2950,98,,
2025,Atascosa,2590,6997,301000,92,,,2673,61,,
2025,Armstrong,3619,424,316000,41,,,0,0,,
2025,Archer,3434,1127,314000,50,,,6186,2,,
2025,Aransas,5560,1144,396000,91,1299,6269,807,273,3142,7870
2025,Angelina,2853,14574,310000,96,,,3301,62,,
2025,Andrews,3563,2862,343000,74,,,3964,8,,
2025,Anderson,2994,8191,313000,88,,,3206,33,,
