GEO_ID|B25001_E001|B25001_M001
0500000US48001|20648|119
0500000US48003|7153|17
0500000US48005|37023|46
0500000US48007|15999|40
0500000US48009|3966|27
0500000US48011|886|46
0500000US48013|19214|32
0500000US48015|14319|53
0500000US48017|2740|204
0500000US48019|11585|66
0500000US48021|39706|93
0500000US48023|2190|86
0500000US48025|10650|94
0500000US48027|155018|180
0500000US48029|820780|317
0500000US48031|6129|26
0500000US48033|368|48
0500000US48035|9348|55
0500000US48037|39948|78
0500000US48039|150321|222
0500000US48041|100826|174
0500000US48043|5917|213
0500000US48045|849|65
0500000US48047|3884|257
0500000US48049|19246|63
0500000US48051|9579|27
0500000US48053|25555|47
0500000US48055|17582|75
0500000US48057|10833|330
0500000US48059|6539|24
0500000US48061|159679|95
0500000US48063|5824|23
0500000US48065|2810|40
0500000US48067|13993|32
0500000US48069|3024|11
0500000US48071|18937|58
0500000US48073|21053|68
0500000US48075|2772|203
0500000US48077|5163|34
0500000US48079|1268|17
0500000US48081|2144|20
0500000US48083|4899|27
0500000US48085|437396|144
0500000US48087|1487|92
0500000US48089|10102|16
0500000US48091|77961|89
0500000US48093|6940|41
0500000US48095|1414|36
0500000US48097|17944|65
0500000US48099|29512|259
0500000US48101|930|100
0500000US48103|1840|19
0500000US48105|1729|171
0500000US48107|2659|26
0500000US48109|1097|202
0500000US48111|3052|11
0500000US48113|1064965|429
0500000US48115|4903|43
0500000US48117|6984|25
0500000US48119|2450|18
0500000US48121|376754|266
0500000US48123|9238|30
0500000US48125|1151|84
0500000US48127|4023|12
0500000US48129|1951|17
0500000US48131|4420|15
0500000US48133|9384|30
0500000US48135|68899|58
0500000US48137|815|115
0500000US48139|75422|218
0500000US48141|323571|169
0500000US48143|18694|97
0500000US48145|7450|44
0500000US48147|14814|65
0500000US48149|13233|32
0500000US48151|2016|82
0500000US48153|2592|13
0500000US48155|623|84
0500000US48157|305633|161
0500000US48159|5121|17
0500000US48161|9123|48
0500000US48163|6393|122
0500000US48165|7719|18
0500000US48167|161868|113
0500000US48169|2190|139
0500000US48171|14373|40
0500000US48173|513|68
0500000US48175|3547|23
0500000US48177|9020|30
0500000US48179|9952|34
0500000US48181|62132|63
0500000US48183|53883|63
0500000US48185|12349|295
0500000US48187|69700|74
0500000US48189|13392|63
0500000US48191|1739|14
0500000US48193|4372|25
0500000US48195|2275|14
0500000US48197|1808|97
0500000US48199|25100|34
0500000US48201|1917790|473
0500000US48203|29756|48
0500000US48205|1814|129
0500000US48207|3081|60
0500000US48209|104675|270
0500000US48211|1763|91
0500000US48213|41852|82
0500000US48215|308556|148
0500000US48217|16434|53
0500000US48219|9233|35
0500000US48221|29066|89
0500000US48223|15882|49
0500000US48225|10837|41
0500000US48227|14048|202
0500000US48229|1133|11
0500000US48231|43022|127
0500000US48233|10170|23
0500000US48235|771|62
0500000US48237|3811|20
0500000US48239|7029|25
0500000US48241|16727|66
0500000US48243|1531|204
0500000US48245|109884|114
0500000US48247|1872|205
0500000US48249|16229|71
0500000US48251|70796|87
0500000US48253|7062|76
0500000US48255|5975|68
0500000US48257|54130|297
0500000US48259|19213|38
0500000US48261|127|52
0500000US48263|523|79
0500000US48265|25632|48
0500000US48267|2736|156
0500000US48269|189|46
0500000US48271|1482|157
0500000US48273|14012|136
0500000US48275|1804|20
0500000US48277|22824|43
0500000US48279|5885|28
0500000US48281|9871|26
0500000US48283|2271|226
0500000US48285|10518|27
0500000US48287|7981|53
0500000US48289|9067|19
0500000US48291|36121|77
0500000US48293|10443|57
0500000US48295|1432|88
0500000US48297|5996|29
0500000US48299|15788|43
0500000US48301|33|29
0500000US48303|139344|147
0500000US48305|2521|22
0500000US48307|4219|24
0500000US48309|108454|95
0500000US48311|348|93
0500000US48313|5107|1015
0500000US48315|5623|29
0500000US48317|2135|90
0500000US48319|2430|159
0500000US48321|19058|30
0500000US48323|20445|31
0500000US48325|19890|38
0500000US48327|1383|155
0500000US48329|72723|66
0500000US48331|11641|32
0500000US48333|2597|163
0500000US48335|3691|46
0500000US48337|10348|63
0500000US48339|266019|98
0500000US48341|8277|32
0500000US48343|5821|18
0500000US48345|734|74
0500000US48347|29156|95
0500000US48349|22191|61
0500000US48351|6492|21
0500000US48353|7104|40
0500000US48355|154408|72
0500000US48357|4345|20
0500000US48359|776|68
0500000US48361|37937|48
0500000US48363|15206|31
0500000US48365|10853|25
0500000US48367|59879|116
0500000US48369|3745|16
0500000US48371|5897|25
0500000US48373|26469|63
0500000US48375|49390|70
0500000US48377|3273|205
0500000US48379|5925|23
0500000US48381|61677|54
0500000US48383|1336|84
0500000US48385|1951|146
0500000US48387|6194|21
0500000US48389|5167|68
0500000US48391|3359|16
0500000US48393|393|48
0500000US48395|8612|24
0500000US48397|43580|55
0500000US48399|4990|21
0500000US48401|21311|61
0500000US48403|7697|24
0500000US48405|4814|13
0500000US48407|15011|25
0500000US48409|30435|78
0500000US48411|2835|31
0500000US48413|1287|11
0500000US48415|6881|39
0500000US48417|1575|13
0500000US48419|11584|24
0500000US48421|1135|63
0500000US48423|99673|61
0500000US48425|4017|23
0500000US48427|23139|29
0500000US48429|4676|28
0500000US48431|524|69
0500000US48433|791|79
0500000US48435|1766|175
0500000US48437|3029|27
0500000US48439|843257|273
0500000US48441|62198|284
0500000US48443|639|156
0500000US48445|4789|25
0500000US48447|991|59
0500000US48449|12146|36
0500000US48451|52318|86
0500000US48453|618236|232
0500000US48455|8326|19
0500000US48457|9518|40
0500000US48459|17519|98
0500000US48461|1683|85
0500000US48463|10095|21
0500000US48465|18711|51
0500000US48467|25903|46
0500000US48469|39481|43
0500000US48471|30383|133
0500000US48473|20345|45
0500000US48475|5165|18
0500000US48477|17642|46
0500000US48479|88176|90
0500000US48481|17711|54
0500000US48483|2606|27
0500000US48485|55750|208
0500000US48487|5845|24
0500000US48489|6885|29
0500000US48491|262644|281
0500000US48493|19480|57
0500000US48495|3227|27
0500000US48497|27530|48
0500000US48499|22388|54
0500000US48501|3028|10
0500000US48503|8545|27
0500000US48505|6255|16
0500000US48507|3946|15
