GEO_ID|B11001_E001|B11001_M001|B11001_E002|B11001_M002|B11001_E003|B11001_M003|B11001_E004|B11001_M004|B11001_E005|B11001_M005|B11001_E006|B11001_M006|B11001_E007|B11001_M007|B11001_E008|B11001_M008|B11001_E009|B11001_M009
0500000US48001|17142|421|12370|553|8795|565|3575|499|806|271|2769|399|4772|558|4160|528|612|220
0500000US48003|6780|107|5069|380|3961|393|1108|279|267|143|841|249|1711|389|1444|315|267|188
0500000US48005|32183|462|22646|713|15311|808|7335|734|1662|376|5673|600|9537|687|8226|670|1311|315
0500000US48007|11738|528|7027|552|5268|509|1759|318|444|185|1315|288|4711|552|3762|547|949|369
0500000US48009|3439|101|2393|151|2001|142|392|84|90|33|302|71|1046|136|889|142|157|65
0500000US48011|754|54|587|64|472|63|115|60|19|16|96|55|167|50|151|51|16|20
0500000US48013|16635|406|12299|617|8543|664|3756|422|1600|350|2156|341|4336|578|3864|564|472|156
0500000US48015|12174|325|9033|478|7048|497|1985|378|722|244|1263|287|3141|481|2636|463|505|213
0500000US48017|2250|252|1702|218|1220|223|482|187|234|180|248|119|548|176|506|174|42|52
0500000US48019|8943|294|5819|342|4972|403|847|254|165|93|682|236|3124|384|2669|339|455|187
0500000US48021|35164|626|24923|912|18986|946|5937|878|1559|364|4378|769|10241|894|8107|810|2134|532
0500000US48023|1548|116|1001|110|774|117|227|101|29|25|198|95|547|122|476|112|71|52
0500000US48025|8581|395|5469|431|3630|393|1839|338|511|170|1328|308|3112|480|2642|477|470|187
0500000US48027|138557|1046|93701|1773|65734|1856|27967|1530|6320|715|21647|1419|44856|1743|37506|1717|7350|879
0500000US48029|740402|2509|483200|3784|323517|3857|159683|3145|44057|1954|115626|2786|257202|4000|209704|3865|47498|2210
0500000US48031|5001|202|3434|253|2809|241|625|154|81|51|544|145|1567|223|1270|216|297|122
0500000US48033|239|52|211|54|197|55|14|14|2|4|12|11|28|14|28|14|0|15
0500000US48035|7467|214|5381|229|4280|250|1101|193|270|109|831|178|2086|213|1921|214|165|58
0500000US48037|34801|541|22656|776|15580|815|7076|669|1621|336|5455|609|12145|795|10780|761|1365|314
0500000US48039|131184|1008|97010|1619|74099|1812|22911|1507|7207|930|15704|1186|34174|1643|28479|1435|5695|693
0500000US48041|88415|842|48499|1218|34129|1133|14370|1086|3803|544|10567|881|39916|1366|27007|1354|12909|990
0500000US48043|4929|235|2467|337|1950|288|517|208|91|81|426|201|2462|378|2270|398|192|133
0500000US48045|555|76|295|50|261|54|34|25|14|17|20|17|260|63|235|59|25|26
0500000US48047|2884|221|1736|280|1233|287|503|230|167|157|336|153|1148|355|975|309|173|182
0500000US48049|14979|422|9607|503|7104|470|2503|336|533|181|1970|301|5372|468|4520|450|852|207
0500000US48051|7749|260|5073|341|4179|354|894|190|160|61|734|163|2676|351|2201|323|475|225
0500000US48053|19597|559|13646|546|11418|518|2228|310|742|191|1486|270|5951|534|4995|505|956|268
0500000US48055|15741|319|11048|628|8232|619|2816|376|676|195|2140|375|4693|549|3841|516|852|238
0500000US48057|8398|296|5905|397|4604|453|1301|322|251|139|1050|291|2493|428|2174|390|319|266
0500000US48059|5237|211|3420|268|2767|293|653|161|89|51|564|152|1817|251|1632|248|185|80
0500000US48061|135435|1061|102847|1493|65082|1463|37765|1618|10252|1023|27513|1255|32588|1516|28643|1390|3945|590
0500000US48063|4677|233|3211|301|2281|246|930|245|182|95|748|203|1466|237|1120|205|346|177
0500000US48065|2302|119|1480|146|1243|146|237|97|67|54|170|81|822|168|751|159|71|53
0500000US48067|11775|316|7814|431|5681|405|2133|327|418|144|1715|287|3961|366|3478|371|483|190
0500000US48069|2427|123|1877|144|1386|154|491|130|130|73|361|118|550|137|451|130|99|69
0500000US48071|16558|397|13107|705|10812|813|2295|581|823|272|1472|457|3451|633|2818|560|633|267
0500000US48073|18085|407|13582|620|9485|601|4097|464|855|240|3242|393|4503|548|4104|525|399|175
0500000US48075|2174|262|1451|217|1107|238|344|124|165|85|179|106|723|209|558|158|165|153
0500000US48077|4227|178|3111|153|2615|166|496|108|133|53|363|92|1116|163|1010|164|106|55
0500000US48079|949|53|631|58|431|57|200|60|61|44|139|42|318|49|281|50|37|24
0500000US48081|1489|91|863|105|673|102|190|60|67|39|123|50|626|104|517|100|109|51
0500000US48083|3230|215|1861|183|1538|197|323|125|77|48|246|112|1369|224|1146|210|223|128
0500000US48085|400182|1473|292149|2487|240770|2719|51379|2181|14820|1149|36559|1748|108033|2382|88047|2205|19986|1478
0500000US48087|947|120|682|105|418|78|264|113|57|58|207|80|265|86|191|71|74|53
0500000US48089|7577|334|5065|396|4030|366|1035|237|437|192|598|166|2512|321|1989|329|523|207
0500000US48091|67651|736|49016|1055|40901|1082|8115|822|2672|456|5443|705|18635|1025|15159|945|3476|619
0500000US48093|5395|203|3700|246|2993|228|707|180|204|89|503|141|1695|200|1466|201|229|109
0500000US48095|849|93|524|73|431|67|93|44|36|26|57|34|325|81|300|80|25|27
0500000US48097|16252|329|11456|484|8923|537|2533|493|810|272|1723|339|4796|440|3926|398|870|249
0500000US48099|26099|506|18564|661|13956|702|4608|479|1196|298|3412|437|7535|695|6206|614|1329|269
0500000US48101|571|112|332|65|232|56|100|44|28|28|72|34|239|90|230|90|9|10
0500000US48103|1665|97|1110|147|923|155|187|122|32|35|155|113|555|156|458|160|97|76
0500000US48105|1176|180|918|192|868|181|50|82|0|15|50|82|258|158|258|158|0|15
0500000US48107|1974|98|1441|121|960|113|481|114|137|70|344|90|533|110|482|104|51|33
0500000US48109|702|227|398|148|216|123|182|96|61|69|121|66|304|161|291|158|13|19
0500000US48111|2373|191|1681|203|1383|236|298|183|191|134|107|103|692|219|630|208|62|59
0500000US48113|971690|2328|609578|3716|412496|4527|197082|3258|55528|2161|141554|2828|362112|4109|296118|4174|65994|2478
0500000US48115|4154|185|2704|248|1832|250|872|181|302|148|570|153|1450|244|1306|235|144|87
0500000US48117|5973|245|4421|343|3249|359|1172|280|338|129|834|234|1552|297|1351|258|201|133
0500000US48119|2095|101|1482|153|1207|148|275|96|97|57|178|71|613|141|542|139|71|45
0500000US48121|346809|1350|246421|2512|198324|2763|48097|1784|15438|1202|32659|1606|100388|2482|78881|2128|21507|1408
0500000US48123|6683|234|4479|254|3322|208|1157|191|337|138|820|169|2204|253|2017|247|187|79
0500000US48125|684|87|459|70|374|68|85|35|28|20|57|26|225|54|212|52|13|11
0500000US48127|3010|239|2176|275|1067|213|1109|262|220|119|889|198|834|231|809|230|25|21
0500000US48129|1203|98|788|101|631|94|157|66|26|19|131|61|415|97|359|94|56|36
0500000US48131|2992|220|1798|197|1167|214|631|204|159|117|472|198|1194|240|1117|215|77|85
0500000US48133|7168|368|4791|336|3761|322|1030|245|259|119|771|210|2377|359|2046|335|331|134
0500000US48135|62422|633|41847|1409|28269|1454|13578|1222|4079|741|9499|1073|20575|1439|16317|1281|4258|928
0500000US48137|474|99|236|73|158|65|78|56|64|54|14|26|238|106|238|106|0|15
0500000US48139|68852|522|54295|936|41243|1124|13052|910|4208|524|8844|740|14557|959|12372|910|2185|399
0500000US48141|296341|1452|212695|2265|138410|2359|74285|2263|19854|1257|54431|1853|83646|2202|70817|2100|12829|1014
0500000US48143|16379|429|10610|482|8495|497|2115|391|653|268|1462|260|5769|451|4220|472|1549|278
0500000US48145|6009|250|3709|322|2705|300|1004|241|256|123|748|214|2300|345|2180|344|120|83
0500000US48147|12793|289|8928|408|6710|398|2218|279|821|199|1397|218|3865|438|3459|442|406|135
0500000US48149|9855|354|6687|414|5504|344|1183|236|381|136|802|177|3168|405|2784|375|384|153
0500000US48151|1590|112|1127|95|913|96|214|60|87|38|127|44|463|77|421|75|42|21
0500000US48153|1939|114|1349|118|978|114|371|85|112|45|259|83|590|118|499|106|91|51
0500000US48155|421|62|249|62|176|58|73|29|19|17|54|23|172|59|157|60|15|17
0500000US48157|281259|1397|230053|2321|183272|2692|46781|2647|13174|1592|33607|2017|51206|2049|42502|1808|8704|1068
0500000US48159|3942|269|2708|328|2155|293|553|150|169|86|384|115|1234|238|986|211|248|142
0500000US48161|6867|258|4624|276|3473|289|1151|229|247|93|904|212|2243|275|2049|264|194|100
0500000US48163|5144|568|3671|413|2350|381|1321|351|495|249|826|246|1473|386|1260|313|213|188
0500000US48165|7057|208|5410|354|4558|358|852|272|139|119|713|266|1647|334|1380|314|267|196
0500000US48167|138666|855|94398|1660|71641|1693|22757|1280|6046|616|16711|1247|44268|1483|36704|1498|7564|590
0500000US48169|1433|160|955|151|708|142|247|114|45|36|202|114|478|157|425|154|53|51
0500000US48171|11272|424|7372|414|6175|400|1197|288|273|141|924|255|3900|432|3328|379|572|210
0500000US48173|441|59|350|58|317|56|33|32|32|31|1|5|91|45|78|39|13|21
0500000US48175|2800|166|1837|191|1513|181|324|112|43|41|281|96|963|232|928|229|35|36
0500000US48177|7656|226|4996|370|3308|326|1688|254|406|144|1282|215|2660|357|2344|349|316|122
0500000US48179|7926|284|5426|361|4137|306|1289|258|267|121|1022|231|2500|337|2164|317|336|145
0500000US48181|53325|598|36359|892|27249|860|9110|743|2651|394|6459|616|16966|828|14232|835|2734|483
0500000US48183|47330|590|31618|916|21922|846|9696|747|2109|367|7587|725|15712|885|12826|862|2886|496
0500000US48185|10289|408|7294|516|5865|492|1429|286|366|162|1063|218|2995|387|2543|402|452|202
0500000US48187|62953|632|47313|1034|35866|1296|11447|943|3419|555|8028|790|15640|930|12432|861|3208|533
0500000US48189|11034|295|7802|347|5216|346|2586|317|587|184|1999|306|3232|340|2752|334|480|168
0500000US48191|1158|87|796|110|528|84|268|82|117|55|151|54|362|86|326|83|36|27
0500000US48193|3134|164|1820|188|1437|172|383|128|116|64|267|108|1314|181|1233|180|81|67
0500000US48195|1827|122|1296|143|1105|150|191|70|36|29|155|62|531|128|499|129|32|32
0500000US48197|1298|114|770|82|546|76|224|70|44|29|180|66|528|111|451|112|77|50
0500000US48199|21750|504|16063|617|12206|667|3857|497|1297|328|2560|392|5687|557|5066|585|621|176
0500000US48201|1728103|3988|1151535|6007|781406|6541|370129|5703|108542|3242|261587|4461|576568|6254|471453|6499|105115|3450
0500000US48203|25599|579|18197|725|12705|835|5492|577|1315|382|4177|414|7402|700|6351|658|1051|290
0500000US48205|1635|104|1184|103|981|84|203|126|117|107|86|62|451|120|401|118|50|47
0500000US48207|2108|140|1373|149|1065|132|308|110|121|83|187|72|735|130|626|117|109|52
0500000US48209|94499|804|61586|1373|47663|1449|13923|1055|4365|654|9558|862|32913|1341|21113|1286|11800|954
0500000US48211|1368|99|902|113|746|115|156|63|112|56|44|34|466|123|460|123|6|12
0500000US48213|32597|609|22416|638|17315|666|5101|432|1476|277|3625|340|10181|651|8647|647|1534|332
0500000US48215|264128|1602|206551|2050|136679|2597|69872|2280|16455|1167|53417|2003|57577|2060|48925|2021|8652|935
0500000US48217|13457|349|8953|364|6730|322|2223|314|738|174|1485|242|4504|348|4018|331|486|137
0500000US48219|8058|205|5834|262|4263|308|1571|259|391|140|1180|202|2224|242|2009|214|215|116
0500000US48221|24988|449|18395|618|15609|600|2786|443|1021|255|1765|353|6593|657|5761|631|832|223
0500000US48223|13878|303|9852|417|7436|428|2416|343|755|162|1661|282|4026|390|3654|378|372|116
0500000US48225|7795|251|5146|310|3753|273|1393|205|321|106|1072|180|2649|328|2369|295|280|124
0500000US48227|11927|318|7539|353|5426|372|2113|306|834|200|1279|256|4388|455|3969|420|419|152
0500000US48229|847|64|594|99|416|81|178|84|75|71|103|56|253|96|234|95|19|20
0500000US48231|37549|493|26651|722|19894|796|6757|674|2191|414|4566|546|10898|666|8983|591|1915|375
0500000US48233|6944|275|4485|323|3642|333|843|168|323|129|520|135|2459|287|2210|259|249|118
0500000US48235|606|72|396|95|340|87|56|40|32|37|24|19|210|80|210|80|0|15
0500000US48237|2915|159|2118|185|1593|195|525|167|122|69|403|142|797|156|712|150|85|67
0500000US48239|5424|270|4113|335|3149|320|964|242|395|180|569|187|1311|285|1183|269|128|73
0500000US48241|13667|357|9126|521|6657|496|2469|343|864|258|1605|254|4541|515|4070|444|471|211
0500000US48243|847|207|490|145|365|140|125|106|0|15|125|106|357|183|319|184|38|41
0500000US48245|93646|958|60704|1448|40183|1049|20521|1168|5161|600|15360|945|32942|1335|27819|1427|5123|707
0500000US48247|1221|204|854|160|544|152|310|100|100|67|210|84|367|144|350|145|17|20
0500000US48249|13298|457|10001|524|6637|574|3364|462|896|268|2468|367|3297|438|2782|449|515|213
0500000US48251|63477|619|48806|1032|38193|1051|10613|855|3258|409|7355|773|14671|932|12497|875|2174|352
0500000US48253|6028|241|4346|254|3453|292|893|216|176|79|717|187|1682|255|1488|261|194|81
0500000US48255|4643|242|3050|303|1941|255|1109|249|334|180|775|213|1593|298|1354|267|239|139
0500000US48257|49703|557|38307|866|29268|1036|9039|811|2570|479|6469|726|11396|816|9129|812|2267|358
0500000US48259|17249|327|13389|617|11315|565|2074|369|627|260|1447|281|3860|590|3431|589|429|175
0500000US48261|17|14|16|14|7|10|9|10|3|4|6|8|1|3|1|3|0|15
0500000US48263|274|67|188|38|145|45|43|33|11|11|32|30|86|50|85|49|1|4
0500000US48265|22267|494|14592|694|11264|663|3328|450|1118|281|2210|330|7675|602|6420|458|1255|319
0500000US48267|1858|170|1089|154|936|159|153|63|23|18|130|61|769|185|737|180|32|34
0500000US48269|90|35|83|35|72|33|11|12|0|15|11|12|7|13|0|15|7|13
0500000US48271|1180|155|625|133|454|126|171|97|61|66|110|86|555|191|419|175|136|116
0500000US48273|11794|366|7344|436|4752|471|2592|436|591|209|2001|391|4450|466|3057|473|1393|342
0500000US48275|1256|98|943|106|710|90|233|62|107|55|126|46|313|65|277|65|36|21
0500000US48277|20056|444|13594|581|9604|549|3990|426|909|231|3081|390|6462|482|5578|490|884|217
0500000US48279|4644|155|3181|184|2202|189|979|171|433|128|546|123|1463|197|1374|200|89|40
0500000US48281|8147|255|5872|311|4730|322|1142|203|336|97|806|177|2275|285|1759|249|516|202
0500000US48283|1683|286|1252|200|936|222|316|135|49|46|267|129|431|220|302|160|129|135
0500000US48285|8370|233|5679|278|4575|280|1104|211|443|127|661|147|2691|301|2499|285|192|102
0500000US48287|6720|269|4955|367|3636|337|1319|278|476|190|843|224|1765|281|1651|267|114|83
0500000US48289|6546|330|4466|348|3817|343|649|181|139|56|510|183|2080|311|1876|318|204|100
0500000US48291|30009|592|21906|777|16379|962|5527|652|1749|427|3778|504|8103|757|6506|675|1597|384
0500000US48293|8318|215|5669|349|4028|358|1641|253|381|155|1260|221|2649|326|2408|329|241|95
0500000US48295|1101|82|794|85|616|75|178|55|54|25|124|47|307|69|284|64|23|17
0500000US48297|4210|226|2709|291|2122|255|587|182|121|77|466|154|1501|268|1344|258|157|100
0500000US48299|10218|400|6843|379|5360|355|1483|264|320|146|1163|223|3375|342|3037|349|338|144
0500000US48301|36|29|11|10|11|10|0|15|0|15|0|15|25|26|25|26|0|15
0500000US48303|124045|917|74186|1352|51318|1302|22868|1293|5909|764|16959|1087|49859|1415|36738|1414|13121|785
0500000US48305|2066|91|1496|101|1212|113|284|67|68|31|216|58|570|84|451|76|119|47
0500000US48307|3072|184|1908|234|1418|225|490|169|175|121|315|114|1164|212|1067|216|97|63
0500000US48309|95966|735|63125|1224|44999|1330|18126|1005|4898|637|13228|911|32841|1175|25918|1185|6923|643
0500000US48311|168|50|124|47|80|38|44|37|30|35|14|13|44|24|42|24|2|3
0500000US48313|4140|207|2852|233|2049|180|803|187|126|61|677|179|1288|211|1213|201|75|43
0500000US48315|4201|220|2492|231|1700|193|792|181|179|86|613|150|1709|222|1595|213|114|61
0500000US48317|2033|104|1646|127|1269|157|377|143|227|132|150|90|387|102|380|101|7|7
0500000US48319|1550|119|1075|109|968|120|107|54|14|17|93|53|475|145|448|143|27|40
0500000US48321|14824|492|10035|645|7089|562|2946|432|850|246|2096|404|4789|524|4402|539|387|205
0500000US48323|18320|367|14164|562|9496|718|4668|560|1220|405|3448|416|4156|482|3890|521|266|220
0500000US48325|17479|383|13034|532|10482|544|2552|473|798|238|1754|380|4445|487|3856|446|589|269
0500000US48327|833|141|464|89|372|96|92|45|48|38|44|38|369|133|360|134|9|14
0500000US48329|67057|762|44070|1484|33656|1527|10414|1364|3995|1021|6419|788|22987|1514|19584|1621|3403|626
0500000US48331|10049|257|6729|346|5144|318|1585|271|440|171|1145|216|3320|349|2842|337|478|148
0500000US48333|1845|134|1317|132|1053|146|264|74|109|62|155|44|528|109|510|108|18|12
0500000US48335|2561|226|1586|185|1234|180|352|116|45|35|307|115|975|155|862|168|113|76
0500000US48337|8142|249|5379|314|4441|322|938|187|267|95|671|165|2763|264|2248|263|515|181
0500000US48339|235474|1584|175570|2172|143099|2235|32471|1944|9465|1239|23006|1691|59904|2238|48567|2120|11337|1104
0500000US48341|7275|229|5213|344|3597|308|1616|321|656|196|960|249|2062|334|1846|324|216|105
0500000US48343|5038|217|3324|276|2402|212|922|177|305|111|617|164|1714|249|1432|235|282|112
0500000US48345|476|64|293|59|238|49|55|33|38|34|17|11|183|57|149|51|34|31
0500000US48347|25114|447|15624|577|10865|543|4759|538|1323|294|3436|431|9490|588|7361|529|2129|428
0500000US48349|18484|407|13192|621|9814|652|3378|356|965|237|2413|274|5292|525|4521|480|771|239
0500000US48351|4898|246|3366|312|2330|291|1036|176|416|164|620|132|1532|263|1372|260|160|92
0500000US48353|5834|211|3648|248|2520|249|1128|227|314|135|814|199|2186|270|1908|260|278|113
0500000US48355|130770|1119|88690|1802|58822|1697|29868|1633|7740|863|22128|1175|42080|1751|34330|1626|7750|761
0500000US48357|3758|200|2648|281|1590|245|1058|227|367|142|691|195|1110|235|947|207|163|121
0500000US48359|631|62|487|57|404|67|83|40|15|15|68|38|144|41|133|42|11|7
0500000US48361|31847|647|22625|731|16963|626|5662|573|1416|302|4246|513|9222|775|8052|656|1170|280
0500000US48363|10951|336|7422|385|5450|328|1972|282|570|147|1402|240|3529|315|2959|308|570|154
0500000US48365|8486|320|5772|304|4401|338|1371|287|311|130|1060|244|2714|356|2441|371|273|173
0500000US48367|54237|614|42329|957|35333|986|6996|608|2080|387|4916|498|11908|874|10163|856|1745|293
0500000US48369|3183|156|2573|177|1996|215|577|166|204|85|373|143|610|137|523|119|87|80
0500000US48371|5108|230|3373|330|2129|347|1244|264|241|125|1003|227|1735|289|1345|301|390|184
0500000US48373|18575|602|13208|709|9472|673|3736|514|1321|298|2415|389|5367|467|4599|434|768|219
0500000US48375|42363|645|26244|806|17200|856|9044|779|2744|480|6300|643|16119|822|14103|779|2016|331
0500000US48377|2340|250|1102|210|959|215|143|123|25|42|118|115|1238|314|1101|361|137|110
0500000US48379|4723|258|3545|291|2474|322|1071|249|338|101|733|209|1178|222|952|224|226|82
0500000US48381|55758|607|37063|902|29243|1045|7820|868|2701|708|5119|650|18695|910|16005|887|2690|435
0500000US48383|1046|110|816|90|715|92|101|59|36|35|65|47|230|97|230|97|0|15
0500000US48385|1021|130|692|111|542|106|150|66|48|36|102|58|329|118|322|118|7|10
0500000US48387|4993|184|3389|276|2569|270|820|143|190|67|630|142|1604|238|1475|239|129|83
0500000US48389|4145|194|2730|303|1785|319|945|275|237|160|708|225|1415|325|1238|326|177|85
0500000US48391|2372|132|1521|133|947|142|574|131|165|68|409|107|851|135|715|138|136|61
0500000US48393|303|41|194|36|178|36|16|12|11|11|5|6|109|36|106|36|3|5
0500000US48395|6480|260|4417|343|2988|231|1429|206|313|101|1116|172|2063|276|1879|271|184|104
0500000US48397|39513|445|31144|671|26429|721|4715|494|1266|324|3449|423|8369|665|6502|599|1867|441
0500000US48399|3800|187|2564|204|1850|169|714|136|187|80|527|104|1236|195|1040|186|196|82
0500000US48401|17963|404|13050|550|9708|481|3342|349|516|187|2826|330|4913|445|4300|440|613|140
0500000US48403|4469|306|3090|291|2445|253|645|190|224|108|421|131|1379|293|1175|271|204|114
0500000US48405|3017|213|2265|218|1582|176|683|182|103|68|580|155|752|188|716|189|36|29
0500000US48407|10480|425|7694|560|5878|617|1816|435|696|254|1120|312|2786|444|2328|423|458|171
0500000US48409|24496|550|17322|617|11835|692|5487|536|1459|280|4028|461|7174|600|6146|533|1028|287
0500000US48411|2095|145|1362|145|1113|143|249|84|48|43|201|73|733|148|669|134|64|46
0500000US48413|919|94|717|121|544|113|173|86|54|62|119|64|202|83|202|83|0|15
0500000US48415|5931|221|3686|304|2875|351|811|245|312|164|499|191|2245|367|1992|346|253|140
0500000US48417|1329|75|907|94|726|96|181|58|46|30|135|57|422|101|383|97|39|35
0500000US48419|9177|285|6755|368|4585|359|2170|353|916|261|1254|254|2422|286|1986|279|436|165
0500000US48421|842|92|630|88|518|73|112|45|9|9|103|44|212|66|167|54|45|34
0500000US48423|81690|1080|56754|1311|42626|1197|14128|1062|3570|546|10558|936|24936|1154|20216|1104|4720|853
0500000US48425|3562|161|2693|235|2297|242|396|173|263|170|133|73|869|201|722|220|147|92
0500000US48427|18692|500|14655|565|8778|610|5877|554|858|232|5019|576|4037|434|3700|406|337|142
0500000US48429|3560|238|2344|206|1620|186|724|156|228|96|496|121|1216|234|1145|235|71|62
0500000US48431|402|61|334|63|284|69|50|36|33|30|17|18|68|37|68|37|0|15
0500000US48433|476|75|296|58|235|56|61|28|20|15|41|28|180|56|162|54|18|24
0500000US48435|1236|171|955|147|687|131|268|107|88|65|180|94|281|118|264|119|17|20
0500000US48437|2453|103|1395|164|1065|154|330|117|114|58|216|99|1058|156|909|142|149|99
0500000US48439|769285|2190|518384|3612|376410|4541|141974|3619|38540|1715|103434|3217|250901|3503|203887|3536|47014|1932
0500000US48441|54390|618|35956|957|26485|928|9471|856|2656|512|6815|588|18434|954|14390|887|4044|590
0500000US48443|453|117|237|78|156|61|81|50|23|30|58|40|216|85|211|85|5|8
0500000US48445|4271|168|2833|274|1652|285|1181|209|323|149|858|206|1438|272|1142|238|296|194
0500000US48447|686|73|377|69|331|62|46|24|0|15|46|24|309|70|278|66|31|24
0500000US48449|11011|213|7946|381|5810|396|2136|257|622|182|1514|224|3065|343|2555|328|510|163
0500000US48451|46094|633|29111|1030|20912|907|8199|726|2346|406|5853|622|16983|1013|13939|1052|3044|520
0500000US48453|561491|1859|308154|3388|235388|3377|72766|2850|22297|1520|50469|2268|253337|3516|182518|3467|70819|2691
0500000US48455|6033|298|3799|315|2866|288|933|203|466|141|467|132|2234|322|1942|305|292|111
0500000US48457|7073|231|4766|299|3559|299|1207|195|451|122|756|165|2307|302|2017|291|290|120
0500000US48459|15372|414|10825|537|8037|554|2788|378|766|244|2022|279|4547|497|3838|510|709|194
0500000US48461|1325|103|826|97|628|114|198|84|48|42|150|77|499|126|413|113|86|72
0500000US48463|8422|281|5757|492|4008|416|1749|380|570|266|1179|283|2665|491|2430|460|235|162
0500000US48465|16706|382|12079|535|8430|630|3649|494|965|299|2684|398|4627|417|4046|371|581|189
0500000US48467|22555|514|16540|700|12714|669|3826|492|1224|305|2602|432|6015|617|5216|529|799|282
0500000US48469|34142|630|23254|701|17263|780|5991|680|2057|435|3934|487|10888|660|8523|578|2365|503
0500000US48471|25180|595|13876|720|9731|701|4145|629|938|298|3207|633|11304|777|9006|861|2298|472
0500000US48473|17981|368|13614|719|9913|619|3701|527|1564|397|2137|386|4367|605|3083|587|1284|399
0500000US48475|4345|171|3211|230|2199|241|1012|212|431|168|581|163|1134|212|1005|214|129|88
0500000US48477|15277|373|9742|468|7753|516|1989|375|623|214|1366|323|5535|479|4745|520|790|301
0500000US48479|79572|551|63614|1131|40875|1230|22739|1216|5547|734|17192|988|15958|980|13770|903|2188|397
0500000US48481|15422|435|10680|492|7890|523|2790|446|813|222|1977|369|4742|487|4132|476|610|262
0500000US48483|1849|113|1390|133|1011|125|379|100|84|51|295|95|459|107|436|100|23|20
0500000US48485|48935|599|30771|772|21460|849|9311|709|2508|372|6803|664|18164|855|15158|763|3006|448
0500000US48487|4737|264|2719|304|1926|312|793|190|155|92|638|158|2018|308|1841|302|177|84
0500000US48489|5671|184|4182|280|2785|310|1397|267|262|110|1135|244|1489|275|1339|245|150|109
0500000US48491|241754|953|169435|1888|137205|2159|32230|1404|10337|907|21893|1307|72319|1906|56652|1750|15667|1393
0500000US48493|17785|322|14052|497|11971|510|2081|345|576|170|1505|280|3733|446|3239|412|494|187
0500000US48495|2781|135|2061|196|1525|192|536|131|144|86|392|103|720|183|673|180|47|37
0500000US48497|24581|368|18992|497|15300|582|3692|517|1294|295|2398|373|5589|489|4653|458|936|234
0500000US48499|18221|497|12097|544|9980|585|2117|358|749|258|1368|300|6124|511|5400|491|724|225
0500000US48501|2616|163|2005|255|1665|256|340|189|33|52|307|180|611|206|553|206|58|71
0500000US48503|7763|204|4919|390|3801|355|1118|246|268|121|850|218|2844|376|2357|377|487|196
0500000US48505|4612|258|3134|268|1600|268|1534|250|539|213|995|218|1478|208|1377|222|101|63
0500000US48507|3411|165|2684|255|1238|253|1446|212|381|209|1065|276|727|235|646|236|81|70
